insert into CONSUMIBLE (IDCONSUMIBLES, NOMBREPRODUCTO, DESCRIPCION) values (18, 'QY7 X09SL0PVC8K4MVTKULMH3R11I9EL', 'PX5MLKIRD F  O3G9FBF1DFJWXNWIBI55X0NM1P1C0U27X3F9B0UF6CGC225X C65E52URB8P3J3AMPA7LNOJTLQN2V0TCRFPK0UOVCQTF4J2H9H1PA6 R06JSTPRYCBQ 5FW7FSVIADTWNFMC21QB1NRDO0O6DD0ICUQFVU351574GNPIBL8IS1W9H6 3Q399GNRYL8HECWB5YOYEIM8528I4B3GL 03NLX 17E2KH7NQ 2YLAH UA7YYJ1BDE');

insert into CONSUMIBLE (IDCONSUMIBLES, NOMBREPRODUCTO, DESCRIPCION) values (19, 'K04YA61VN2YAIWI8P6 U01FXTGE2W7WT', 'Q1AXAUM0TOBU83H5F5WG23 KVM1KY4VTTJ7UV5JW 4KWKYQNC FYQLQNBOX17VCRXXMVB5BFD2GDFXMBIOJVHX1WICEOS0SHQF2OWH9VL4H4I40PKFXHQXMFKMLH5C0SX6B4A6K36SD533N0AEI6IU1XJGWGA3L79AH6SO2NRG7LWPY0DKJKDCISLQ VSVWVHNX06UIR0G8S9C88MTHDBG60V6T4OR3NE79XSXA8K 361QIUT06G0NUBLILRL52');

insert into CONSUMIBLE (IDCONSUMIBLES, NOMBREPRODUCTO, DESCRIPCION) values (7, 'XUOWROKBSJ2U RP K3EYWOJN 6UAI1NC', 'YTNHDHNPM67NEK0KLUUNVIT60YAVHNWJYLQR O0R2J319QR0 J 9TJ7L480F5I90FM0LJ9J9FGNPO0V83TYON8J9AO1CRDXQTTYQYP4S6QODRCREQM6RVCV7TNPYJ XR95 9C 0QF6Y1Q77FBW1R54P5PG6YSKRXFLEIXMY90N301NC2WOR3BCYNJIL7 XAUT4F33O19D2PS88RT9YKKCBX1M7XXRETWGU6WGPSHLC8A00HXTTG7DVCEV06MYU0');

insert into CONSUMIBLE (IDCONSUMIBLES, NOMBREPRODUCTO, DESCRIPCION) values (10, '2VX2Y2FMONJEACTOH07PCAX1QOGNQ15V', '92SO3NU3EGG2KAMVHJBGAOFBMWD31IMYX23U6MPAADEG228QC7MFHPUDEXSG8IN8LGVIVCI48F5MHJHA56U6M3LG5VUVJ8ENSXAF70WP2DSNQ3M49F7DWKNV4B1XJ5SLTUK8GY5LDKEI56EAXPXMQ2HEBG125SESR7YI8P0RL2366H172A7GVN57J6EMIW8BHONPEVTIVK0EOTEOG6CAAJ7TC VV4DVRML064ACN8FCXQ4R N1OFB5Q73320N9F');

insert into CONSUMIBLE (IDCONSUMIBLES, NOMBREPRODUCTO, DESCRIPCION) values (17, 'AF4UXC  0L21KM9AT6V2P0D19JLAEURP', '0MWB7SW CCNBDQK2RX5I2H ERXBR36RHHN9Y 4TM4TX3AAFN0EH8EORB8R6O4Y9AVQXBK5CO0WL12D4H9YO9G0C6TATMYL8GCMVS 3W4EOLD3790B8Y 4WQ8301EFXF9IUOU3J3E12MIM9L8IPAXB12735CV84LGASM QAML6OWQSC1OGK8KRFPE7STXYKRC4ILOLIF6D GININD9T1E594M7Q9F5Y1PQY5HBKJAO5U763NXE9M105X7CK3E7BR');

insert into CONSUMIBLE (IDCONSUMIBLES, NOMBREPRODUCTO, DESCRIPCION) values (8, ' PUQBUD9IGOXFW8HWT24UFDETBYGXHKR', 'S5QKW49KDNF 3OADRM5IC3JMOFHIE98S V8VVJ351RXBHTCATWL8JP69HWK8BU0IRGFCQ825TF4K0T 5XA5FN4M1FGUYA5X5S3Y7Y1XLSO4N6G0URWL FD T4K4NLNMXTWTWK9791GCO   U2T2W6W555ODH BNNJU6 2I5IPNFU 19BM WANKT862 RSF6SSVL6JUUBY0CK8M1369RG6MGXV G TSBIBTTEKR6GY6CDB76NMGKWORBQYJQRFHU');

insert into CONSUMIBLE (IDCONSUMIBLES, NOMBREPRODUCTO, DESCRIPCION) values (1, 'IWXHADHYW8PG1YRI4 S78J8DPGGN9FGO', 'M0DXO93Q6YSW0EME4Q7I8G1EU4RYWK4CLQ696B4 J7ATA448AG438IYJ27KKAMM8IERHBWJ36 379PEWLPP4S9DAVYU92LCN5WMIJQG1EMHD3VGG4FCM1OL2G9B1HY2IY91IJ3CL7GN04VUROLCW7BB JXN6XQ L0FCY5P4B6VQ0THDEL7WNP7N MVFAYGNC1GNMCX2HLAPLU1DS0C5O2W3TT125C923GE1I9LY8E5J8YFI3N1380KLXVD XWQN');

insert into CONSUMIBLE (IDCONSUMIBLES, NOMBREPRODUCTO, DESCRIPCION) values (4, '8 JXI3260RN44XKBWOBPTP2 6BAFUJ1Q', 'VBCH063UG7W1O5 V9UGPQFTGL6UF0P15JBEVOJBAT92X0JM01NOSYBSEXUIM2XUTQTR0DYO7QF6VIDTTXSW3WW9KPMFN4WD9UULKB67YHBSET3KK9KB9VHEJLVMHD6DH3236W5DA14J U9B1315UGJ07YM92DD3WFUIBWX6C7P1YPM5CATOBIRD 0MG7WBCDL66E9R9PKMYMW2M I9717YCLP6FL3YI55NBRB NAG1Y34NUY5B1A 287SCCVBGE');

insert into CONSUMIBLE (IDCONSUMIBLES, NOMBREPRODUCTO, DESCRIPCION) values (15, 'MX228MJRNWGMWF8JPS771RPVL30JN3SU', 'TEMCMN6 I1SSIFKGKGMI8H70ERRGL82GHF1L421F47E7T36MLEH2 SO05 S15Q9KL4JHBPEPBO1YXP006QU3I3V9VHEEX2L805BG40A OWGXM3QVW091Q0F7C67V6RVF YEXDNU0855XMF7 QK1EFB1VQPIS0JXP7RAGVMF4CI9TI4CL1J2NC6NSPIALJHW2QJ9J96I3UQJJTVDKNSXE2 A38S4OO  5348R4UPAXHG1 OJ8O T64E6BQIBIDLJ');

insert into CONSUMIBLE (IDCONSUMIBLES, NOMBREPRODUCTO, DESCRIPCION) values (13, '4L826W77NB7R3E3E 4AHYUUBC CW9RYM', '261QOXFUK8329BRBGSMNLYDPO1IQKC94F9MYX22TCSS592QBP XXAV6CSDB EB5EG21S6S3RJ0H20CDAVMVVX5CUWD9BJVR9TQ7R3C8XNRWXM8T6GKBC8XM0P4HKLITNTPR1FTERO9KF6NF2H1UTX95TI0VC5MCR6 8GV6SS57SXTHV6HNRHR49F3X3SUJNW9VUH8EYR4MLHPH5WIF84JCL6S4NTDHDJU3MBB9OK6YVS0CGS6U793P4IFARVGKC');

insert into CONSUMIBLE (IDCONSUMIBLES, NOMBREPRODUCTO, DESCRIPCION) values (9, '8QY9ME3LVMBK078TAEPE3MVAR1DLOMI9', 'BBUEPYI09G494 LBKMPE 9X11GGH7TUQ LLS52SA0MD6KVSJ2IB83XKTJR5KL88YI2D4QHL76VESPX96C1A11148XT8NIHKS0RJL97ELAWA4VJCLJXQVXJ DCK 34FL5O4T545KP  JW2 7F G3IIEGJ L518X0EY6EHGCC04V2OVO0M6D8L6MRC9VSF9VD1EIV3XTW9NW5SL1PDR1HI190PR2FYB73XR69B0MAHPXJB5I95JBIGRF7S57056UM');

insert into CONSUMIBLE (IDCONSUMIBLES, NOMBREPRODUCTO, DESCRIPCION) values (3, 'I0K4FW1PACJ4IOKC49T2J21DB8GTI58P', '7VTW5PTI LAB64JHPFJFDS5C2B T9AT69SKMIQKFEQY10SN44LOP04N6ABJMCO4 SP3N H1ULSAM91CTPA4AUG1IFALJA4U5RYNJYYCFQGBF6F932XWH85KYVKE3NY1MF2YDOTST9OI6S7XG33I 78E34OPAUASCBNAK3FKIWJX2U717YIY OBUD39SE3SB48KGWYRYWO84LXY7M43UY8Q76W5JABSQO9RSOSGACU66RFO4WBVAVCHSQ0881ACA');

insert into CONSUMIBLE (IDCONSUMIBLES, NOMBREPRODUCTO, DESCRIPCION) values (14, 'I JBVLM0SXTSWYR926BMXMCUGF6XV9OG', 'MSD6IWUV10XPXF6J3K2V276X94PU9I47IHO GFV44 4WVW 7740TAS42U7TRXBFRR935Y85FMXOGTH7W4L9SQW8KHK WFR98QCA5WYY7I9KJAPPFNVH0Y15X1QTTKR8 N9X K17XNNYYBTYOG1H9WK3LCJ1HIXODPQ 6LQH3R36YAV0H6JATYLY343KGXQIRXVHR2029IUPD1NPSC2 IX0D YUGTRCDMB0NBIOSXIF6IRSHICNXO IISEFX7GSH');

insert into CONSUMIBLE (IDCONSUMIBLES, NOMBREPRODUCTO, DESCRIPCION) values (11, 'J0UEAW06FM 4OEK8LTHURDAU0Y VAIV3', 'FQRW0S99R7OEB3OENJHJ8RIA7VTBPUUTLX0QG76NBYPB51G7756FK798SP86061XPN0TUHHVA4U X24C7AIEMRTI8586C1R1AG51VQ5ECTTQ6 CUP2LBV9X09CK6GI21XU8ETHTF77JXV1OFTDVBDW87KCE6K0XH88A1EM SL985JWEGO3YMLB0AY41AHF KVXLA IWYCWE59MK0G0TLOJH27I5TK0O5I5SLDVL48YUTMO2PBRPU61J04CNAOFB');

insert into CONSUMIBLE (IDCONSUMIBLES, NOMBREPRODUCTO, DESCRIPCION) values (0, 'X1PRV6WJT81K8K0OUWDSGM688DSRPM0X', 'RU1OLYVV235N5QXIXHY408MW8K9R95RVJMLH3M1D8S45E9NCN82V JK1KGUYI H7BMSM0SCFR9EYVEIQKVH0S9I8EOM10KHULMFTFF57EFF03WNOYNIXL4KJW6Y2TX17IHB1M18NL8LIQYIXS B8PF5SR 6C7KVFU21L NRIEP3WMD01O82UNX6KF2GHJJ2F29813TB9MU5YQGHBXSQ02YXAXHYEEE6YA B7OLV6LRSQ72MVG396PC342BOAHA2');

insert into CONSUMIBLE (IDCONSUMIBLES, NOMBREPRODUCTO, DESCRIPCION) values (12, 'RD1VJ9EXJRP9XK3XPECA 5ISH6VEVCIX', 'G87O8LNUDDH0JBLKLVNH4LIS15OKLNU39CWLJW31MP6PYIXT6FY4VSCHR8OF1Y8 EQ4ARRMNMXYMVEHB0 JSRKB3S1I1OL5VP2VTXIGAQ32IHR9ED5Y3FDEYHWC1SUVASSA69OC 6UNY6IRU84TFQS2RVTG  9373XGA9XJ5XI0FQO0RFRR7UIEOTG2A3G6 R5IYS2UNP4ED5JKQIMFO9HY804IEA9XCRVOXX2LO2A54OGJQUVJ NPUCTT2J0MP');

insert into CONSUMIBLE (IDCONSUMIBLES, NOMBREPRODUCTO, DESCRIPCION) values (16, '3 WV4VM904G0O20N8CM2DSS8RQDOF2H7', 'HV23S00PWCCKWX I4JDS81FODH55WXNE LF23R9IDL72TQSPNJMYDS N3 E3K2NFT89TA17 JQJ0X8RSJJQTDEWGM3KCJP1RDWKOO5GL9DLV5UWYD0K7YRUAKD6CPDEWFF YKIQAU0A3E8CY57KXU0NXV4JLVXHT6IS12Y0NXU75DEG397VWNLBOXGIKRG639JYB9IAOLVMMRLP7IS80W5 CJAQU EKSOR273JT0DVD14CPL4K380QXAVAD 1ET');

insert into CONSUMIBLE (IDCONSUMIBLES, NOMBREPRODUCTO, DESCRIPCION) values (6, '0XL2Y4H5Q41RS6OAJOMYCYA10CQLJMQE', 'IU6E6HN Q3F20XIA5PYKJBKMEIXCLEFDFKIVQ7SBI4VW4L5C9B3DW08O2IF6BDPO73D2CW3HI4CP2EO1XDYYDAIU98S1U8SG0238M72CF7R1IIPKJP9C06J3GIUTT3HKNIR74LFWKXS2528E5KH9XNPGML5000UYBWBLGI8BN6WMS1G3AMY39IN6D22R7Y9TU2FJ98SW0BD75DWD0WRU6KDOQ RW5TDEKAKY8 O5G37Y2VC3WWQ7UI3HBS6WOB3');

insert into CONSUMIBLE (IDCONSUMIBLES, NOMBREPRODUCTO, DESCRIPCION) values (5, 'O2RV JLT7JIL8EUUR8210B3895LDU7WW', '8C7YB2WSMDL9OD9VD3HHJHVBB8CYWO7NWKYNTJ096OF4UY6SB8XHUD5U07VMO00K75YF9D9JPRI4JP6SCJWWRSQQLD2GOL8J1J3W5DHCCM8HJKPQYPHPL1YD9HYI EAPHQPFMEFOBRD3BH2US 8OBH EBS1KEDHBU8H6GAQS052PWHKLO6 DKIXP937BAK02H4H24 0A1DXT2KDQML32LITJQQP2R00TYYASPDO 3JYQ6TIBR28WDXKCJJ91HSI');

insert into CONSUMIBLE (IDCONSUMIBLES, NOMBREPRODUCTO, DESCRIPCION) values (2, '668XN1G6Y 7UFN101R1G30 LLAYCLEEQ', 'Q URW E5129IHBB MCYKRG90WMVY7W EAFF9MD3PS NFW76PBU7LA40V83OBA0RJ8BWH0 GH 1FVO6KE8U98Y9OTP8E7SJ9OLTXLYHJNLKSH69OTJ51V0FVDXG1 0SOGNBS51BF5T2HAL4PJOM28FV6 RC1D1TAG0971NI8W87RPW4W3EEEH F70DNIGR8C2JBIO0R3QMTHKV9JUONL5BNNR88 TTE3QCAJT2E7C2UX315Y5URP7QO6C36KELAX');

insert into ENTREGA (IDENTREGA, FECHAHORA) values (12, '1235-7-3 8:20:23');

insert into ENTREGA (IDENTREGA, FECHAHORA) values (18, '147-5-7 0:54:7');

insert into ENTREGA (IDENTREGA, FECHAHORA) values (5, '1775-3-30 13:31:50');

insert into ENTREGA (IDENTREGA, FECHAHORA) values (6, '1601-6-21 11:40:17');

insert into ENTREGA (IDENTREGA, FECHAHORA) values (16, '1714-5-4 12:31:25');

insert into ENTREGA (IDENTREGA, FECHAHORA) values (17, '799-7-12 5:28:35');

insert into ENTREGA (IDENTREGA, FECHAHORA) values (7, '1321-8-18 8:57:20');

insert into ENTREGA (IDENTREGA, FECHAHORA) values (10, '498-5-16 3:21:53');

insert into ENTREGA (IDENTREGA, FECHAHORA) values (13, '431-11-4 2:50:17');

insert into ENTREGA (IDENTREGA, FECHAHORA) values (15, '1502-7-16 10:37:9');

insert into ENTREGA (IDENTREGA, FECHAHORA) values (9, '1451-7-27 9:40:57');

insert into ENTREGA (IDENTREGA, FECHAHORA) values (0, '200-7-3 1:52:56');

insert into ENTREGA (IDENTREGA, FECHAHORA) values (8, '653-4-15 4:47:28');

insert into ENTREGA (IDENTREGA, FECHAHORA) values (4, '1-1-1 0:0:0');

insert into ENTREGA (IDENTREGA, FECHAHORA) values (14, '349-8-13 2:28:10');

insert into ENTREGA (IDENTREGA, FECHAHORA) values (2, '910-5-8 6:17:42');

insert into ENTREGA (IDENTREGA, FECHAHORA) values (19, '589-6-23 4:3:0');

insert into ENTREGA (IDENTREGA, FECHAHORA) values (3, '1865-8-17 14:14:36');

insert into ENTREGA (IDENTREGA, FECHAHORA) values (11, '1007-3-5 6:59:45');

insert into ENTREGA (IDENTREGA, FECHAHORA) values (1, '1135-3-9 7:52:51');

insert into PROVEEDOR (IDPROVEEDOR, NOMBRE, APELLIDO, CI_RUC, NOMBREEMPRESA, NOMBREPRODUCTO) values (15, ' 70NO4K22DPSGSAGQSX10D7S PTI9B71', 'QP9ICCK8MX5RQ92RIO8UEUGENKHICUKB', '24KMCERU3X5D', '6B767X1N54MPR44J7J7R3GBC0GQ40D3W6KB JI3SAAI7IEV OAR30SWWUN T4NJ6BM3HPUD1F0TV96JCDCOP3E238FWNFLLVCJKR', 'QRSJH5Y1  JMY 2E5FTGNMJS09URLW6G');

insert into PROVEEDOR (IDPROVEEDOR, NOMBRE, APELLIDO, CI_RUC, NOMBREEMPRESA, NOMBREPRODUCTO) values (16, '2 5JB6CTYCXWDOW3511 E7NKJCUK345Q', 'P0 1RVG6GFMNLADYGYNLET48UXER6TCB', 'SKBD0VWS9GC6', 'NAYKKMYTV83WRHW2CO1NF78M8DWCJULMC55J8S2W57U2VU37PVAD8YJBX3F1ODSGUNKFFM2I1NCD91SW84K8YY41XTBL2EIB4V4Q', ' MM8R 00VTGWNMCDJ G84G3WSMHSCJWL');

insert into PROVEEDOR (IDPROVEEDOR, NOMBRE, APELLIDO, CI_RUC, NOMBREEMPRESA, NOMBREPRODUCTO) values (2, 'BNDYXK5H7X10C0A9M90R06Q32HCKB 01', '01NOGGF84QPNVM7M U15XT07UT0H2RSN', 'YJ1NIEANV8JV', 'SMORG2FL11AJ0JWDFW2QOG2UJN XBW07ERFGCS8KT8N632M31YBYMSGQJ74OIMNPWAJ P46CPGPJMMCTOMI0BMIDYKONUVT8H03F', '9N83NAV9D7D1KXC2MG8YERBVI7AWD9H7');

insert into PROVEEDOR (IDPROVEEDOR, NOMBRE, APELLIDO, CI_RUC, NOMBREEMPRESA, NOMBREPRODUCTO) values (14, 'K0GVTPY9DQLO21UVO0IO7QK6CW7V4OWW', 'UVE7MIBEG8PHL88CBRX9D29C1HAWR5K2', 'I1A56U29B3T7', 'J9W3FW3XQ W5SU3QAJL08O6GHFJ0U XJXAE6657GMTIVCXAQ23A3BSXIMW3C6UOOY7Y3P99QIQLVVO47ASH7SO SIU2RBGQWPX1H', 'P5UKBUC9F3NRJTCKEOACL 1IMV922XE7');

insert into PROVEEDOR (IDPROVEEDOR, NOMBRE, APELLIDO, CI_RUC, NOMBREEMPRESA, NOMBREPRODUCTO) values (12, '4BWXBW3LLPX26 DYF8YO92LSSP8IPS7G', '7M5JWK5OK61XJSH54BQ3BS72O4KI4PW7', 'MH9VRUG16Q30', 'DKENPDP1KI2THLK603UVVM729Q8MJ769K JLRABW2P83YMF3IE4146B8KF7LN5TKVVY  G2QNSEAL4UKVGUU3XW 8UV2C0O0GXL2', 'B0OSSQC8498JYL7R99MWESMM MGD1J5L');

insert into PROVEEDOR (IDPROVEEDOR, NOMBRE, APELLIDO, CI_RUC, NOMBREEMPRESA, NOMBREPRODUCTO) values (7, 'W82GQE4YF771GUTQH9JEKFI2AIX4AVK0', '4DWXSB7J7GIRMTO48AB79M6FVR3WMH5B', 'M1U52F8ULOIX', 'Q YSQRXRPIP11RTW6V25W4X8DQB21D9SFT7I9YUHJ6A2I6QFT08SUVVVK2MGTQHSKVFIQ723HC1G8Y0EH540S3 GSSP K0LBK FI', '0T 2G6DP25C8ICYVTJEA6DSCI0DIJMEO');

insert into PROVEEDOR (IDPROVEEDOR, NOMBRE, APELLIDO, CI_RUC, NOMBREEMPRESA, NOMBREPRODUCTO) values (8, '9R1EGAV331B2NOIK1VA6HUB88BL26CXY', '6LGAWB0NR8RGTQTMYXDVU3XN7RUDOAWQ', '06OQN9AIFJH0', '6O8VV6S2RRWDN3P61694WF1NKKP8 UBE40SS4PJ 4OELVG7RDYJMTJ9LN7Q6C2I9M7WGNXOGX8A PT6E5MFFHJE353BB85NACOL4', '5PWBNCCFGHUCX2V88AMSCSJYM1CSSN2W');

insert into PROVEEDOR (IDPROVEEDOR, NOMBRE, APELLIDO, CI_RUC, NOMBREEMPRESA, NOMBREPRODUCTO) values (0, '4FOEVOIU9C0CIB0 S7XVGCBRLHCBNKHX', 'I7C5S1DR44532U438RDXMMD3U0MSSY31', '9LESYILI0JUB', 'WQTTAA42QPGU9SCMVRPNYTXK8KRVE9OPDVVMV591KF434IEX0FQTIFTH0N0IG6NSL20JTJUTWCK8M7KSWPBEQB 78L WQ1WL4VQG', 'O2A7S8D7YGG02NJE6O1BA23U92E85XDU');

insert into PROVEEDOR (IDPROVEEDOR, NOMBRE, APELLIDO, CI_RUC, NOMBREEMPRESA, NOMBREPRODUCTO) values (3, '5UFQIDAUXWG0LT8N0195HCTP3OJM5W8X', 'RHXQ2VETN7VEDE63FUJX9JS9GPYSH5WX', ' 3PS5X1P89HQ', 'VKRWDLFJAPL8MMIC4A8LLMGVYXI1ISQC9QOGPBPD2A  94RONK56TQIFDAENE93DRY4BOHLDJK F 2QNWS44NWJPUY9MFL3UPMB ', '2TU CTU2SON1NWT X98IG33NWWHFXQT9');

insert into PROVEEDOR (IDPROVEEDOR, NOMBRE, APELLIDO, CI_RUC, NOMBREEMPRESA, NOMBREPRODUCTO) values (13, 'I5RRHX O1VLBXATIF9NEAV1IHY7AOVTC', '35CVF4H CUUTSJSHJKV2F3NW8H6KBGT7', 'HVA4K1XR 3SM', '21L8RMQLY9DOW 88X 51M7JTA C9WEALNTHUAX25BBWABLG GSAVMPHRNKP7PHVY9ID8ABLFBVU77HHJ3Y6U8I5MADCH2FOJTRKM', 'B6YLPWH7P4OXMHTV81JLCOB4LQ6PG772');

insert into PROVEEDOR (IDPROVEEDOR, NOMBRE, APELLIDO, CI_RUC, NOMBREEMPRESA, NOMBREPRODUCTO) values (5, 'T12MJIKV5IOHTONEGQ5U9U1KCAOTXY4V', '8AI5I AGLYSDDB33 Q76TGTRXDF0VDJV', 'V8LOX6KPG3OK', 'E4QH7C 9AVTMQ4BPC5A7YCP1C51F73QDT QXA7FIQGPPAPFDFGJ0GBHYK14FC0SY90I2VOH4AA7WP6M HR95N1PH7VXY7SV2 PVV', 'XUWLFB8W 7LRS201CB1IHIV4U7Y07FKB');

insert into PROVEEDOR (IDPROVEEDOR, NOMBRE, APELLIDO, CI_RUC, NOMBREEMPRESA, NOMBREPRODUCTO) values (1, 'JFRFLOMQIFV5KETB940WCRMU2IJNP2XN', 'FH3O2JQOHP9S7OF2TL3S5NBWTVMOQC44', '7NPJ63WXON9T', 'B0UE7U4 YT7Q0QLHD6N2AS33TQJJRXC YAFU9 4B3TS22IHEIAU8DF6L50HBX29O9JE3T0K 4BAI7LM10U5PIQGTBORJARPVNO9Y', 'YXM81OEMFQ8C433M5YNSD76PSA1XJC98');

insert into PROVEEDOR (IDPROVEEDOR, NOMBRE, APELLIDO, CI_RUC, NOMBREEMPRESA, NOMBREPRODUCTO) values (10, 'KQ XLW4UTQ6NHQOGLHANG1SDPY5YSW6W', 'GLLCTS37HTJGGIJLJQX27MKGNSESLMW9', 'VTC9K4J91VHV', 'NMMQ4BVSLVI4T8PDD3 VEPPI95K6LKSD8XAX7R0STPG5YPW92DMEH WPPSJULV0HFD8MJIFH2TH4EHFLAP URB8O4L0R6B9IOX1H', '0VYF2KH2FX74I20WX40PMBX4 FERXUX6');

insert into PROVEEDOR (IDPROVEEDOR, NOMBRE, APELLIDO, CI_RUC, NOMBREEMPRESA, NOMBREPRODUCTO) values (19, 'GQOLIH8TCXCXXWV4PASVKXVFPCPJ4471', 'M 7MKNTSPBNE9IB4A8TTSA6QTEA53HFQ', 'AGYKPIJAE0Q9', '89641CGS8M8N9QH5ECV7FWAIYD5X W VJPI  TYKJ6M PHB1LRA85HC9HJLAU 4SOD2LO7FHE 29XDGUN 5SBGYYF6PCBBDWWPOL', '6KFP4GA TEU6Y81DLFM3U92PLFTEVPFQ');

insert into PROVEEDOR (IDPROVEEDOR, NOMBRE, APELLIDO, CI_RUC, NOMBREEMPRESA, NOMBREPRODUCTO) values (4, '6JLGAPFHTYXL91BTEG50QPJE6Q2TIBKN', 'RE1N4 QBPNIAUF05LJPIPE374DHCY1L6', 'BYM7F7PTR2A5', 'EU18 XE8P8NKTHH4IDQ2EI YXGCJH4JS0IQ7HOQYEBFTDKMMS80S4R57UCGOTV06TCAD2VFHV93XPF2TSEW C 7ANAWX64UTQY8F', '5DFAUQ B05D8HWRMLUPINET0BIVFVM J');

insert into PROVEEDOR (IDPROVEEDOR, NOMBRE, APELLIDO, CI_RUC, NOMBREEMPRESA, NOMBREPRODUCTO) values (6, 'CS690QHUL17YW376 8R2YGOVOO0XYX2F', '8 V8AHWTMQQGDS5FMGB9SMIG0S0GXAKE', '3 ISLY4PI9K8', '0144I4ST59PFOND5R5GKI2PL0Y007BUOKMRC8BC652OA553G76HJ6VNLPET85T741 KPJRG74SDEEIJNHU5XT88KQBS 388ERC2 ', '3Y11UOW6YOPQ25YEUSA6PXQOBCV2I72H');

insert into PROVEEDOR (IDPROVEEDOR, NOMBRE, APELLIDO, CI_RUC, NOMBREEMPRESA, NOMBREPRODUCTO) values (17, ' GSGQME1I DYB110BBSTC7FJB10MEDU8', 'X9AT RNH4TQX54IS193W JYAD5OER7SC', '9 HFLSH0MM6B', 'EPJUIAIY7QY9GVLI74SRKJR31RJT4U 2BTTPUC29U7GE U7ANXH1PQVFI1KAHMF1E7B1MK9S4PSTYAQFYF61PLH0L2JGAKQ37BSO', 'PF7HUIOU4RLPU2ROT35VR0LMCYY8DWEJ');

insert into PROVEEDOR (IDPROVEEDOR, NOMBRE, APELLIDO, CI_RUC, NOMBREEMPRESA, NOMBREPRODUCTO) values (18, 'RXF1IEJBYU85YPL9RS6M0V98P7CCSVC5', 'B7OJ2ENNDKODFR682MCU6O6NNA4LALY2', 'FPAIGMN01M64', 'FKO7DIK DN57GTIX5KB4X8GK LIMV3U8UU39I78 68P23P0NN4B2NE2K2GN60SRWHPNXWTWJD9XN83VOTLPEERY 2WDFT5QJ1IOB', '8BLSJABPIPJVVLKHI V6HPIRNS0G150V');

insert into PROVEEDOR (IDPROVEEDOR, NOMBRE, APELLIDO, CI_RUC, NOMBREEMPRESA, NOMBREPRODUCTO) values (9, 'T YRHVH5T6GTBSV197PI1BY12W247N7B', 'B686ITSV44M2K2I DL37AF8LVJN7A92T', '34TE0IXEA7H5', 'ITJ3 WPQUE48B70TE0G3IG5809NO5FWNS UO4737EEJ6W425E4OS0NOKVO6HJK8ERLE0T3H5WCQ 8EXDOLJK6V1M3ATS XW3XBFH', 'GJOSO21CN3TMAL13I2T7O T92PRX6A8S');

insert into PROVEEDOR (IDPROVEEDOR, NOMBRE, APELLIDO, CI_RUC, NOMBREEMPRESA, NOMBREPRODUCTO) values (11, 'TW0YTW35JWKUY 8N9FU7N9I4270PNTE4', 'GYU49EASMX9 V66B9N7QD2GDILH1OTF2', 'G3TJ55KNVRFW', '9GKTVW2U50YN 9POMHJP1FT38EEGE714L1BLF1OKDSTANENY2NR9JU7K3VKEPP2L0IW158HNSJGRLNMW7IKYYPTYF0E 1O59QGWU', 'NFQ02RBIM1J 8U4VUE6T4P6GW LJGHOR');

insert into CATEGORIA (IDCATEGORI, CATEGORIA) values (12, 'BW86MG49GIT0BB7OLNB0J1D96DD22AUX');

insert into CATEGORIA (IDCATEGORI, CATEGORIA) values (2, 'GUT007Q K36RK53H74IIGKNWK1LYIF8 ');

insert into CATEGORIA (IDCATEGORI, CATEGORIA) values (17, '3SSAMMD9EKX6XH DL9M92U3TO9EHPRJI');

insert into CATEGORIA (IDCATEGORI, CATEGORIA) values (7, '037SYX4YVISL6KH 9BIUM2I2QRYSK7GE');

insert into CATEGORIA (IDCATEGORI, CATEGORIA) values (3, 'DIX660LHYGG8S4NE5UXB74NOVBAY2 NT');

insert into CATEGORIA (IDCATEGORI, CATEGORIA) values (4, 'TALTDMMF1CD1DSTVOQDC1OLUT19Q9436');

insert into CATEGORIA (IDCATEGORI, CATEGORIA) values (9, 'L1LRSHGL4HRKF4JWTA5A9GLWUHIH9O0X');

insert into CATEGORIA (IDCATEGORI, CATEGORIA) values (6, 'FR4OL8GUONM KKR 38D65Y8CNLE95J0Q');

insert into CATEGORIA (IDCATEGORI, CATEGORIA) values (0, 'MW6V2BEBR R8FHMWKOVNYNETLQ4R3ITF');

insert into CATEGORIA (IDCATEGORI, CATEGORIA) values (11, 'Y9HDH6A7X1RSO5MJS7A0 X95GNND9BKY');

insert into CATEGORIA (IDCATEGORI, CATEGORIA) values (15, 'R4KT44DVATYV0PFYUQ2AJ269NJQ2VLNH');

insert into CATEGORIA (IDCATEGORI, CATEGORIA) values (1, 'W3RHDE9WGNIB593BDME1 8XB0YWJ5VO8');

insert into CATEGORIA (IDCATEGORI, CATEGORIA) values (10, 'T86CK5S KBALUSX1KLAMPHHJ VF4EKMP');

insert into CATEGORIA (IDCATEGORI, CATEGORIA) values (5, 'E0N14D4XC11WV6GL3THX5U3FJOGSV1OH');

insert into CATEGORIA (IDCATEGORI, CATEGORIA) values (16, '4AWTH1LS C8028LO7WJLQ8BI57T6XJCA');

insert into CATEGORIA (IDCATEGORI, CATEGORIA) values (19, ' CBL30 Q9A4E9NG4NRTUXE1KUL6KX8F1');

insert into CATEGORIA (IDCATEGORI, CATEGORIA) values (18, 'IT4 G082G8Q8D2GXPTDMA4BH5IYX95 T');

insert into CATEGORIA (IDCATEGORI, CATEGORIA) values (8, 'RTC84RLAC0X89YB68U5GCYKB6WDVDBBU');

insert into CATEGORIA (IDCATEGORI, CATEGORIA) values (14, 'BUR6NRL BUAVWR08J0SMNGHAH8FNQJ3H');

insert into CATEGORIA (IDCATEGORI, CATEGORIA) values (13, 'ARYFLJ207B678SSJIYSYU1 R9BX6SM7A');

insert into ROL (IDROL, ROL) values (9, '85JM2CV KVDM6YJUN0X25Y586Q87ET1I');

insert into ROL (IDROL, ROL) values (18, 'RFJRD43KFDH8Y5L6 MON0964TU 16WX2');

insert into ROL (IDROL, ROL) values (16, 'D9FEI4JU83QKIYQF1IBC53NOKBEK0FFI');

insert into ROL (IDROL, ROL) values (5, 'Y7XNM6XS7Q3PXLMTHWIHP9FIV3VOF3W4');

insert into ROL (IDROL, ROL) values (7, '03L4V1CM1GGE649OJDN3VEPCPJPY0FXA');

insert into ROL (IDROL, ROL) values (12, 'GBO8GC1NXRE0EKUIYYWWV6W4KDUMBWFM');

insert into ROL (IDROL, ROL) values (1, 'TKA LNLDPMELPTY  296X2RXHR4I1TJV');

insert into ROL (IDROL, ROL) values (2, '5 A KEXGMDJU7OEVGKIXCH9Y0A46TIQW');

insert into ROL (IDROL, ROL) values (8, '12BLO05PITV53W97PO4UERQLAV5SB4RQ');

insert into ROL (IDROL, ROL) values (10, 'JSTS8PO3Q33IK3V3K1G6G4PEWWD7APMN');

insert into ROL (IDROL, ROL) values (13, 'JFISJL9KCVUA13 3SQPCTY 6PV7U0K4H');

insert into ROL (IDROL, ROL) values (15, 'SBD89T4K3ADE3 74JN2OK29CE4A6VPTJ');

insert into ROL (IDROL, ROL) values (4, '63OY6P8KBXEKHH3RE30KSNNQ2SH95QBE');

insert into ROL (IDROL, ROL) values (19, 'A7EE23K0VH5BVOJOR8DS9G6DSOHE1A6R');

insert into ROL (IDROL, ROL) values (14, 'BG8PTMBK5 NT0MONJMQTX27G94MMTT6H');

insert into ROL (IDROL, ROL) values (17, 'U4ONAW  1YPVP9 K47HQN2DCMS6LSPDL');

insert into ROL (IDROL, ROL) values (3, '5WYPGEC60AX PF4LHCSDEVMKNR2L8959');

insert into ROL (IDROL, ROL) values (11, 'WS6X7KF937NAVV5Y4TK33V3RKJ3LJP5T');

insert into ROL (IDROL, ROL) values (0, 'EB54JMLGQH1L28A13SJ0R9AR60S813AR');

insert into ROL (IDROL, ROL) values (6, 'ECGNHVG6171C745FWU8VFAYJRIHS6IRQ');

insert into CLIENTE (IDCIENTE, NOMBRE, APELLIDO, CEDULA, EMAIL, TELEFONO) values (13, 'YI90Q6Y99BMUWOCDWS7YBS3J26JW79I0', 'QU1T82SMTWWBORP1V1VD8SR2GCUALE0H', '0WWE9DLD I', '1LNIL7 668BQF3TTFWO415UOYWW A0GC7LLC60M UTMURF66TWUV79BMACBN0T4C14CQANCNRLQ63F7JJY8G559WII2RCAO9JEG6', '7Q6CTC1D5Y');

insert into CLIENTE (IDCIENTE, NOMBRE, APELLIDO, CEDULA, EMAIL, TELEFONO) values (12, 'PO0PXKH9N1VT7A5BPXHQD9JKAPF3T8EB', 'QGV1KXIGI5A YJTSFLQM34NLIBHN54V1', 'AIAHWE3QRR', 'O79450LB3IV F1DPLTW173END9RAA2BT3MPKTYWFD0JWQGG5C5QSE4FE9ICVC42IBSBA4M2EM4TQCYIW80K1P20N8POJA0MP7G2R', '6567XBLUIB');

insert into CLIENTE (IDCIENTE, NOMBRE, APELLIDO, CEDULA, EMAIL, TELEFONO) values (5, 'M22JJB8VJ6 6TWAC5HLN 8S0R1 RGOC8', 'FOUWPUAE93MOHGUQ8TUT0IRBF9HIQAXO', 'F607DHUOJW', 'SUEILERJ405X9PMWL6AECS36MVUH0941QY8QDXQHJG IDE11F2EYLBQUO3I3D9E9E44V 4840BXPX8NOFDPMC66 KXV8JYD21VUX', '4YISJMOE8S');

insert into CLIENTE (IDCIENTE, NOMBRE, APELLIDO, CEDULA, EMAIL, TELEFONO) values (3, 'P8LNJIOL1JAKPVI0M34TJPIJV59MSSM1', '04CHWJ96434YT1FB8YHC6LEKHOF8FVGU', 'C XKK 7 DX', 'S7WST2T7WJS33QE6GYQ DINXILICF3XI49N OL9HBH2NHBE1S9XGLGBYBCL1V4PWEDPC 5OJ78EY5MFCCJM3CR7P ANA9MA03DJN', 'XWC1XNVY2K');

insert into CLIENTE (IDCIENTE, NOMBRE, APELLIDO, CEDULA, EMAIL, TELEFONO) values (15, 'G7JWNL2LX79QEDG8HBMHBRYGTCIDIXN1', '8UKDALWPIUS2LRG5XRR6UY5UGIQVCRX7', 'BHSGVKQU7N', 'JG86MSXO8KYV06YR9SB8ND EXRJGO5VWRMUQQ25PEGA SHAIGCK9EH7TR15HMFT5J3B8LXT2R1HTQLDJMOK4EF739DK IUOPCU4E', 'G5GJ2IP5TG');

insert into CLIENTE (IDCIENTE, NOMBRE, APELLIDO, CEDULA, EMAIL, TELEFONO) values (2, '5QIXXG1T8AURNUIWQDHD6K6JFXJ2PTML', 'D7J 7JX3IKGVEY2YECI 80VSL5L5NS8L', '91S8K0172U', 'G2WX1FC3VM35 CPVTX52C5 JVX2 55KLG7QNI7J6AKSWAE65WIHLK3GDB6UJFQQRVUWQWBF44CXFSAYCWRWSWDRBHW85ARHMXHAS', 'P5S2VCNTL1');

insert into CLIENTE (IDCIENTE, NOMBRE, APELLIDO, CEDULA, EMAIL, TELEFONO) values (4, 'UXH WTUQTKTFDUE470O0MSMVRWK9UFV ', '82XAURBIPROVXXRL69E3O6Q7QCYEINFY', 'G006VI3NXD', 'I27NHSBJASSE11GVXIGX0DMO8RHHYF0N79U3KK36558 PPE7SIXEMTT7EM5B91I9A23HKCMJ82KD6YBC1PAK18RWFRNQ6EHSP2HH', '5T948 3TTG');

insert into CLIENTE (IDCIENTE, NOMBRE, APELLIDO, CEDULA, EMAIL, TELEFONO) values (10, '598 571 09T6HQ47AGUO8XYNGOK8EM1J', '6PCWLMED4FTAUT85EFUHGO43A9KM50VF', 'MNDGQ3FM3J', 'QMJVXJXKUX1 WWGW OT4GV015OYGU7BECVRL51664OQY095L90IF7606JU5POWN9PEKBEG FG5SBMETGP0PHW65QURO5OXEN4IFT', 'P XMT9HM V');

insert into CLIENTE (IDCIENTE, NOMBRE, APELLIDO, CEDULA, EMAIL, TELEFONO) values (18, '5NDG84FCO1820VWKTAG7NE49N4CXS80T', '0P25QAQ7FX YXPIUO71R QSI3HYJRD8B', 'U HGTX51EK', 'O0RA96X8GBQW5FK3AWT I9CIVH7W A3 GERC3I3 TDY4GTI9NP3U229PT7H OVOVTQYTGUJ1JFAVKQ83UDVU1RURK2GGM5HPCH6M', '59S4MWHURF');

insert into CLIENTE (IDCIENTE, NOMBRE, APELLIDO, CEDULA, EMAIL, TELEFONO) values (11, 'ID7MTX3R8U7WWIAV8IQ6HJD8 EGWMVYJ', '756 OX5RS13DVLV 6D 8MFOSLYFFO6G2', 'T0J2CYG9C4', 'WRU3XNCKFKQY73T91XQXQI5LA25V6IXA1OSWVPIC O89LGFXNXXKHC9B6DKWY5M2G1HFSLYW9ABMGHWFI4O6HTF8SSYHU4CRU3BR', '9J5L9B6XP1');

insert into CLIENTE (IDCIENTE, NOMBRE, APELLIDO, CEDULA, EMAIL, TELEFONO) values (9, 'F5VCIXHCM6P07R4VIJPQEN77P68ED6EH', 'NIL0SLSTVXWOHCY4M2GUSQ4CR32A5SR7', 'GO5D AQWTA', 'LQMN9JTTQL9XASGHXJ KOURGJI YV2Y5S08O4HTSWLC9O049KL 6F3QUCUAR91C1CNBPV2PKYOOYFWQKNEEMOWWS 1P3R0P U952', 'DXYU0608Y4');

insert into CLIENTE (IDCIENTE, NOMBRE, APELLIDO, CEDULA, EMAIL, TELEFONO) values (19, 'L2A50B7EAVHI0PJH276R4SH2JISAON2P', 'SMYJJ73FW7TPLSJX6U07XKMR1PSSJFNK', '75980GGRJ2', 'O56FGIN7BENJYTV40MLLSGHD5XJQA TUOI5QG4FR3DIGV4VI6GDQLTNS8KM4A86O3SW2KYW5LKAS7 OAUJ5VQ913UP290VUW5LX4', '4LJOJ57WCJ');

insert into CLIENTE (IDCIENTE, NOMBRE, APELLIDO, CEDULA, EMAIL, TELEFONO) values (14, '9O482779A5 4E9VSYOPRD38SQT044PYC', 'ORPGDMPRNV5W1MT8OPYJIP1RH 666AV0', 'G1 U2L HJE', 'XUSHPQ56EF9ORV1R5C8TUY6A279K2E0R71KJADMEB0HHPFIB90M16ULLNXLA5L8 L8JSA1GDGJW5G1AP1NDIRT9OI2VEQHY SGPB', 'HUQ 5LU2QG');

insert into CLIENTE (IDCIENTE, NOMBRE, APELLIDO, CEDULA, EMAIL, TELEFONO) values (0, '6WVEDLQK3OJ6IAU0PNOWWHUJ3 M3DMEP', 'SL2DSMN4DBWEPF70D0ER3WIAMHPEIDIL', 'NJLQTT7 UP', 'M4O5SDVVVFC3Y0EPJ8D7W7TU49U336YUAWO1T7LESBYY1AFNJDD J6Y9R1SSACUUBL2FM3 757PUU2Y5RC00TBOY U0PO5TDPCOT', 'WQDPK I3LN');

insert into CLIENTE (IDCIENTE, NOMBRE, APELLIDO, CEDULA, EMAIL, TELEFONO) values (8, 'O1S4RDA0SH8QHLDKD48 IT L A133N09', '780ICU5 WDY HREF3J9H6QECKAL4XPXL', 'OWAAY40VET', 'RLQETKFGHABKAADFJB0SALYN5C 4L5R CLCQTT9OJEIX74QI3CWF53FL10DH0XRS0G3N37LJ67G NRPPDW 214HNANOI6KE8YV27', 'FR13HU8SQR');

insert into CLIENTE (IDCIENTE, NOMBRE, APELLIDO, CEDULA, EMAIL, TELEFONO) values (16, 'MVWM0ENH 3XHKTQ0LJAH1WJF7CKL0VNO', 'H5DSKVS0J7U3C0CR6H7WDQD7VSTKW5PC', 'MRC8XE1RQS', 'OY393VP3Q07MTXQNJ9E1C6FW6RPHV025N4S5H0PAOIC0FQCQ64T87WX A60X EQU1PVP3ON7OWLTO4UIJ4NSCK9RPCU12 GC MWN', 'HG9 9LPJMA');

insert into CLIENTE (IDCIENTE, NOMBRE, APELLIDO, CEDULA, EMAIL, TELEFONO) values (17, 'BJ0MYEW1SB7QXID0GRKKBEQO696TTDHO', 'S8PQ15BY8H0S8IDHIGOV8CF7PS5NXHSD', '9QXHXYGLDS', '7AI70PP2L61UBM0GSA9XPS4GE4FDNPNPLO1AXAM1RIHB3VE45KMRJTY0UKM97NAXN2R3Q0O393J3N3IUJEQALPTMRIR1U24E74 W', '5LJCUKWMUS');

insert into CLIENTE (IDCIENTE, NOMBRE, APELLIDO, CEDULA, EMAIL, TELEFONO) values (7, 'QKRMHYDUUHJIU85GN1IY9V33UIPJC2W9', 'QSBKF4WTC7LU7I 7JGX GXSVRJ5YIDCD', 'TKT1H2XQ46', 'S3GRQ8B MBETJ4T36ODG0JDDTJTENVUPGNRRBSSIUKCEDGTGQSNR1KSLDGCDYS635QQXPVMU1PX4OLKDM1W0S23OV7VXJQNCAATA', 'E4Q7O1SCNL');

insert into CLIENTE (IDCIENTE, NOMBRE, APELLIDO, CEDULA, EMAIL, TELEFONO) values (1, '8XGQHOQAE83HLA4CE0G5RUCNM Q9CSOG', 'HJE6C0VNTUKO851O6W DPN0V7O6Q8FT8', 'MBFGLTXLMY', '54AR2I0NQ3LEBBOQRR48K YTFYQFC6P CI2RQRPT9X7TAFTOYVKMW BX46MUT5CDMG X  GLLHKJ23GSX1VQ792DPFBW8U XRRU3', '2QA6V3X5ST');

insert into CLIENTE (IDCIENTE, NOMBRE, APELLIDO, CEDULA, EMAIL, TELEFONO) values (6, 'T BQXYUV4OVXH1MVERE8SQKDJ M4OBSL', 'RNQVMI88SF1T5G7A25QE8S1JL5OO1YEL', 'MQU3T8CVM5', 'NQ 5III47XY4R768XSJBQ8MH6V794MBNQF8RD9QR9G1U2VKBJFB5CH356PT5KOQP7EHW39PEU3MC SR JYCF6H22XOWLJYA01VA6', 'EW1K Y9RF ');

insert into USUARIO (IDUSUARIO, IDROL, CEDULA, NOMBREU, APELLIDOU, CONTRASENA, CORREO, ESTADO) values (4, 9, 'P98WGWY5OF', 'JHDFBUYP 750BGCFF5QE51MSOVD4XU7Y', '6B5480J5P7 1MVYIRCO CA5V78TDKB81', 'IOBX579SDY050ISLRBMSAFT9K16 WV 8', 'I9WYA IE0U5MBOQ8W56WRTJXKPG24EJD83 Q32UXEXDX7VTGTC47SUUXBDVRVW4VTOV3CIS8O1K450 WRIC9RI8044CSIFNPB5BY', 8);

insert into USUARIO (IDUSUARIO, IDROL, CEDULA, NOMBREU, APELLIDOU, CONTRASENA, CORREO, ESTADO) values (14, 16, 'Y7PJA1L6LC', 'L U 8QDJBCRQJAWFM1N9IG5DDVFFKWQ4', 'QR57DJC08OROW69W1BCB TCBGBKRJSFI', '2RUKTE2N4 IOWWX8EGVCRIB8G2L7F63W', 'COPJ77XUGCMMRRRN8AD8XDOT5YD7RLEH 8NTGCYU LWDV3H3A4SEPJ0QCWDH8 DYKCJOXAE43URJ7G2ELBRXFVRLA1H8W7VT2I1B', 2);

insert into USUARIO (IDUSUARIO, IDROL, CEDULA, NOMBREU, APELLIDOU, CONTRASENA, CORREO, ESTADO) values (10, 18, 'VOD4TRLEHR', '9N GO2U3CQR00NAT3NGW0XWWB31FAKYP', 'DLKCA3UA BP0K1Q4Q472BDEF6D4JY9M ', 'E04NA0EISLDXUR0UBIFSP2J4V0ITMD Q', '3RBSQMY4WN6OBMCV3KLKNKCSV1SPWNMOHE13BS0U4HV165DYSQI0N5C7C6AC15GAPR5HVP823JFVEHHMLDQF1RP5J9SNYQLEBBJI', 5);

insert into USUARIO (IDUSUARIO, IDROL, CEDULA, NOMBREU, APELLIDOU, CONTRASENA, CORREO, ESTADO) values (1, 5, '26OLIB 8D ', '8IQ8W3TKRE5 NXKOUCIGH8WL0B5H171C', '6KD0RPCB4USA0KDHAQJLJE7OBUD97SY9', 'RJWCKC5CQY745 NXIIID0CD48BVNEUSI', 'U2OR1FHNQI1UMDTG2UDYQQ0QQJTWYEFXB07M7KU0IO9D0JJWJ94M520SV5Q9BA7MU3HXWCPRIN4KXM0SU6HR4J17JIMP15NNI8XO', 14);

insert into USUARIO (IDUSUARIO, IDROL, CEDULA, NOMBREU, APELLIDOU, CONTRASENA, CORREO, ESTADO) values (9, 7, 'XVBPKP5HIJ', 'T3V7A0U9VWTCGF19ER1QT0FVFPGPT2HX', 'VU8CJ7FLCFTIMQFDNJHV09 MCM AQATD', '2KPDQCR8WCNRJNWHAW2MAPUECV5KJLRT', 'F0HW5OBFL7M7RARQ FNIB O2W1R80SQJ6SVJA9EM8V GSN1G4TQFCETUL UOGHWQIQVWDGOG503XRP8KYQETDVQ7 VFKJJ78UVQH', 11);

insert into USUARIO (IDUSUARIO, IDROL, CEDULA, NOMBREU, APELLIDOU, CONTRASENA, CORREO, ESTADO) values (16, 4, '38PYFM2AHU', '3O37F8JSX4FKCRSS63V S 5E0PKSURTO', 'P2N6GE UUNB8WGHFACVK27918YEH0MXG', 'XRU3YVUEWD00SO4NFLPQ7I89G1K1SKDD', 'BK9YM04A8BYBV72OK1VXTGGIJG6NN12UMG Q02K94QPMD F5PWJI H E6958F3NPCBI3ME8Q0ON4YWHL2TQ2DKI6QA9VMQM0 PAY', 4);

insert into USUARIO (IDUSUARIO, IDROL, CEDULA, NOMBREU, APELLIDOU, CONTRASENA, CORREO, ESTADO) values (7, 7, ' KGL0WM804', '0QBFSF862C6H CB84MDJN5O16G0B1O6A', 'D6UYE13VFGMQ9JDC8BDX1CSUJJTFJKAV', 'D6CIDOE9S1HOPY0Q9SYLDX65FJ87 JF1', 'W07TW7T04LFHGMBDU6O02DE6UKETNOJ 9XROFS07HNVF7JVVDRH7IN7BN3NAXN7F5 KPODR8KIL887TNYN76XR68MTBUYE463YJH', 13);

insert into USUARIO (IDUSUARIO, IDROL, CEDULA, NOMBREU, APELLIDOU, CONTRASENA, CORREO, ESTADO) values (15, 7, '3WE5WCH3A3', 'IC8ONBFFQLB8B7MHA8YJWV8KYMMTLN12', '6MWT6O8ND8UW9P6113EXBTM39F9EUR33', '093D7GMB4UY938G7N61PK4IRMJWWY90W', 'B7FC1KPUWLAFJ3DKRPIFF0N G8TTKKTNJ04DI5KD668O77U5YU94PX5EKQML4EX10XSUQEV2JSDE12PU 2747QOX3YODEXKP0F4Y', 1);

insert into USUARIO (IDUSUARIO, IDROL, CEDULA, NOMBREU, APELLIDOU, CONTRASENA, CORREO, ESTADO) values (5, 0, 'I4DQGCV0CT', 'BG3FTM7ENS52V6IAQ5AAWCJWTVNV HEC', 'X6NKSV2CISVCFJBLSO66DI5014HAHSXQ', 'YWPYMR1B3M4VS9PP U 7I4FTYK6KLDG5', 'CGKDYN9C2KCPUKYYLH9K8CWRYLTSBHJI5BUT G5VHNF03YTTP4BGURXVGOXL8FC0XW95O940F0X4SA0G9IGX7H9MKFJKKYKMG J9', 16);

insert into USUARIO (IDUSUARIO, IDROL, CEDULA, NOMBREU, APELLIDOU, CONTRASENA, CORREO, ESTADO) values (0, 5, '6HPLP4E9KI', 'QJYU7X125BTW5Y3L0 TQ3KQ3UB3RPTIL', '02NL30L85BE8CKG73HPYMDYY J3N15KK', 'UEMBX3H3CLJAQJ7Y78M YUB9UMFBREE3', 'MI1F3C2LJ EE5GME754I1YIEP8 5LDT7Y2JIP8C4IXPS6M0I8UJQJA0TKT807NE5C818J6LLBCFDAK4282C2WDGSKNOD6CXG OQ8', 10);

insert into USUARIO (IDUSUARIO, IDROL, CEDULA, NOMBREU, APELLIDOU, CONTRASENA, CORREO, ESTADO) values (8, 2, 'OH7EW707M8', 'KBNNQSLK2069O6SE6RRHUK3EMGQDD8WG', '8XC03G3T7DVIM8L82BQ5L4YGQYFN466L', 'WE01EU P2GE TLRXQAHHP5Y890VWFSRA', 'TKV05WTLCTQYLP30X1KEN4HYHXCNKHLUXNIKSNYLBSXBD07PE1DWC L83RSEC6E17P7KH3M37QZB2QS 724PMFP8Y2SI4MOF RUI', 12);

insert into USUARIO (IDUSUARIO, IDROL, CEDULA, NOMBREU, APELLIDOU, CONTRASENA, CORREO, ESTADO) values (2, 11, 'P9ON2JNSBB', '53RBAKU7P XF1CAXUU2SN696A559I6FP', 'SBX28YXPF0CKGCB S1W6WT0B5UHVOA1D', 'U WICBXA 9T10UEPK9 ULRAYOIDSJXQE', ' 3HI0WJGOYR89NDD40CR412Y65RAQWM1NYXXRDH7U6WMH8 NUQS7OQOVEHQJU01YAC32K70BNBNUT92DG03KO5YK5QITUXU6CDYA', 0);

insert into USUARIO (IDUSUARIO, IDROL, CEDULA, NOMBREU, APELLIDOU, CONTRASENA, CORREO, ESTADO) values (19, 15, 'VVYH9LSXM7', 'DFOXWN3FYWI9UVIL64KK075YGQNLT24B', 'FG824Y7JS35PNUCDLOUWN5JN9QJCO RU', 'XP0N4PX6CHK79LHI9V9UIDNT5CP140R8', 'HCLNRQAEAY2L4M5L94GIBFQC6E3VPJ9NPKY8B4XBUJMIGRINLH48DHV0G14ASRIUDO490NBBM2PGR2NRTX2K9A5E6EJUMC07OAE2', 15);

insert into USUARIO (IDUSUARIO, IDROL, CEDULA, NOMBREU, APELLIDOU, CONTRASENA, CORREO, ESTADO) values (6, 8, 'B6CGYSXJUJ', 'NCK8K8VU9R7AQ4QVTRSFECYEBVFAW6FD', 'L9W4EV7ISUDG4W96WLDN1C4PERM5V3XM', 'WEV333XV  AWL0MSS79 CIJF71DE58NR', 'POO06I4578AP9U9LS2OTDY6Q5K8MKWKDQ3TI9MYPB 713K O1TYJTVT39HBKDBH3QV5N3OFJT674WXETVOA0VT4DQGP4OD9VAFRA', 3);

insert into USUARIO (IDUSUARIO, IDROL, CEDULA, NOMBREU, APELLIDOU, CONTRASENA, CORREO, ESTADO) values (17, 16, ' KVUN98LJD', 'WCENAH 9JXYPDBHG G3LF54FLQCTGP 5', 'OTSVKLOMSA070HJ8E4QV1P6LPQN2FJ65', '3FU4OK5062D719P2SSOC OVHYMM9ROE4', 'CTMTA4GK 474594UQAPX JI8T6RFLHLVTYRXYMYOQ8EUCJTFORI6X6LJ8S5NC8DL90IEHTHFL88GDVGO0JSP18NAC4SHPAI9JSNV', 19);

insert into USUARIO (IDUSUARIO, IDROL, CEDULA, NOMBREU, APELLIDOU, CONTRASENA, CORREO, ESTADO) values (12, 16, 'BWN0AHV4FW', 'L6V76GLJB9MCGNJ7E8KXM6EYIS3F6RQ1', 'KOLI3UN Q R0FEWL8 0MOFCFUT7EG2D1', 'DH1OBY0DTF0UQBW1DJ1OF8PV HJO ADM', '49LD02BJQ3VA3X1AA03FM2E5HNBBG C7MYMSFIETFDRI910S945IJDYYYPUWW81C88OKFAO71CJCXYSBYPUTNPQDW9VST0FHUXMA', 17);

insert into USUARIO (IDUSUARIO, IDROL, CEDULA, NOMBREU, APELLIDOU, CONTRASENA, CORREO, ESTADO) values (11, 4, 'YUTVHYET8B', 'R6JNA10TJYSRP4 2DI5 NSU7V 6VUCXN', 'PRQ J9GU2U5KKEEE4B1M LNL1OP66EO2', '3PBCI6CY9546P5PL5RLEOGGLHE DY04P', 'H IQM FCIMP3 8X8IL81PJ1F4QHWR75785LNRQETGYDGGL APLAR76PWSSG2VNR688UCNF9OAPQ 03C8V01GT62YTCXJMBMQ5JK9', 6);

insert into USUARIO (IDUSUARIO, IDROL, CEDULA, NOMBREU, APELLIDOU, CONTRASENA, CORREO, ESTADO) values (18, 8, '8B7J957SPY', 'WXNBS6 ASOS3XQ79N7I 4ARGYNTP8D0O', '2FGUGDQMQ5I8L5C1ANEA37AK1CD4R4K4', '5LCDQW6TERH95LTSB8DMPJUV4LKPTKKY', 'Y9JHHKYBUG5WN6S8IY2 9LO5XKS2MA85UXLGM5HCOQBTPA9DQEE36KVSA821EOOU2EKIAX31RIJ5SFEAHQMXN7UJOJ056R BW6A7', 7);

insert into USUARIO (IDUSUARIO, IDROL, CEDULA, NOMBREU, APELLIDOU, CONTRASENA, CORREO, ESTADO) values (13, 15, 'GIV06SP16F', '3IAATKFD4FR5VBT1LI3RPYQ7MI115NU0', '5ESAGMCXAOWYR6A H KO35U1364JIRQA', '03KNITTAQ5KR7EARJ1A2LLU13PPOSOT6', '2BTLTP9RMLEJAM0XUCBNO41LQGIP53IPNMYA7MR50QSU83M3XT7HC074UOWD4FOVO33MQ02ERNC4WMB319SN9MI9C62PPU19VT57', 18);

insert into USUARIO (IDUSUARIO, IDROL, CEDULA, NOMBREU, APELLIDOU, CONTRASENA, CORREO, ESTADO) values (3, 1, '1Y QSYFAMA', 'XEB7LXLM5NNEDOSW155U4UN18RPPEXGP', '0UH75FGGRI6GCY3V1MNG3A3T12REOQ6S', 'MJ8RGFVQ8NQ226FV3RW3FKNM5PL02YE8', 'S1 EO34EF3RBF8ISLUN43M9E9EL  V7T884JONIVFTCQD98S0X3I MY6QL6WQ5REKJVYNW5V5E9 4O ONI3UXOW KBDI0II2OCCF', 9);

insert into FACTURACION (IDFACTURA, IDCIENTE, FECHA, PAGO, SUBTOTAL, IMPUESTO) values (18, 13, '830-7-10', 15, 13, 17);

insert into FACTURACION (IDFACTURA, IDCIENTE, FECHA, PAGO, SUBTOTAL, IMPUESTO) values (8, 2, '227-2-27', 3, 5, 7);

insert into FACTURACION (IDFACTURA, IDCIENTE, FECHA, PAGO, SUBTOTAL, IMPUESTO) values (11, 16, '1237-4-9', 19, 11, 5);

insert into FACTURACION (IDFACTURA, IDCIENTE, FECHA, PAGO, SUBTOTAL, IMPUESTO) values (0, 14, '1-1-1', 17, 19, 8);

insert into FACTURACION (IDFACTURA, IDCIENTE, FECHA, PAGO, SUBTOTAL, IMPUESTO) values (1, 16, '145-1-23', 4, 4, 4);

insert into FACTURACION (IDFACTURA, IDCIENTE, FECHA, PAGO, SUBTOTAL, IMPUESTO) values (9, 4, '598-10-10', 9, 2, 15);

insert into FACTURACION (IDFACTURA, IDCIENTE, FECHA, PAGO, SUBTOTAL, IMPUESTO) values (13, 15, '1809-1-16', 2, 18, 19);

insert into FACTURACION (IDFACTURA, IDCIENTE, FECHA, PAGO, SUBTOTAL, IMPUESTO) values (7, 5, '746-8-29', 18, 15, 9);

insert into FACTURACION (IDFACTURA, IDCIENTE, FECHA, PAGO, SUBTOTAL, IMPUESTO) values (6, 0, '1306-10-29', 13, 6, 12);

insert into FACTURACION (IDFACTURA, IDCIENTE, FECHA, PAGO, SUBTOTAL, IMPUESTO) values (15, 11, '1371-3-7', 7, 3, 18);

insert into FACTURACION (IDFACTURA, IDCIENTE, FECHA, PAGO, SUBTOTAL, IMPUESTO) values (12, 19, '523-4-9', 0, 16, 13);

insert into FACTURACION (IDFACTURA, IDCIENTE, FECHA, PAGO, SUBTOTAL, IMPUESTO) values (3, 16, '1187-8-6', 14, 12, 6);

insert into FACTURACION (IDFACTURA, IDCIENTE, FECHA, PAGO, SUBTOTAL, IMPUESTO) values (17, 7, '1071-10-11', 1, 8, 10);

insert into FACTURACION (IDFACTURA, IDCIENTE, FECHA, PAGO, SUBTOTAL, IMPUESTO) values (19, 0, '1462-12-25', 8, 14, 16);

insert into FACTURACION (IDFACTURA, IDCIENTE, FECHA, PAGO, SUBTOTAL, IMPUESTO) values (5, 9, '392-8-18', 6, 10, 0);

insert into FACTURACION (IDFACTURA, IDCIENTE, FECHA, PAGO, SUBTOTAL, IMPUESTO) values (4, 3, '1561-8-22', 10, 1, 3);

insert into FACTURACION (IDFACTURA, IDCIENTE, FECHA, PAGO, SUBTOTAL, IMPUESTO) values (10, 1, '658-12-6', 12, 0, 2);

insert into FACTURACION (IDFACTURA, IDCIENTE, FECHA, PAGO, SUBTOTAL, IMPUESTO) values (14, 12, '1702-10-22', 11, 9, 14);

insert into FACTURACION (IDFACTURA, IDCIENTE, FECHA, PAGO, SUBTOTAL, IMPUESTO) values (16, 8, '931-2-2', 16, 7, 11);

insert into FACTURACION (IDFACTURA, IDCIENTE, FECHA, PAGO, SUBTOTAL, IMPUESTO) values (2, 9, '297-8-3', 5, 17, 1);

insert into PRODUCTO (IDPRODUCTO, IDCATEGORI, NOMBREPRODUCTO, DESCRIPCION, PRECIO, STOCK) values (2, 12, 'NU3WH1WBPV2K2H6W8CEQH5 WJPI33963', 'ERVFHFUGH4MR0J3Y57PCJ8Y21BVISXDM6JFA2MXXV7AVWHGFO6FG7S20CS92CM30249MD69NQAM CJWEG27BWEHM 9B9S506FN SOKNC3N EXELMFHBBO8YY 0KXXBNRM9K8QOPGXI IM6GLF B12WXSC7Q22IC24 5LWTV0A0IV2D7EF2275DQG5XVR1E70AP9P0N9S94R6CXCSD3OOL1E3H4AB7446OAOIHAU4XT6B44578CKIHPSBHPK8J7R', 18, 14);

insert into PRODUCTO (IDPRODUCTO, IDCATEGORI, NOMBREPRODUCTO, DESCRIPCION, PRECIO, STOCK) values (12, 0, 'AI1HNCE4W6N52BLS1JHSKCSSAU27Y2X7', 'TQGE368E2GXIAJROQ20EVJKJKAGM1FKKT0TSRKDEA06SBBWQ3V665Y92U21MJTKRS3 FXM267S8APO4 NSV4SHTJT24 NAYCXJC86V SR0MM EETHWYRHEMXTI5GFSV521BC7CB3NXUNRS1EACAW1HI0UOL03YVPS648YMJR6V8IVOTQECJOF4RBKWP 2UXE9QXNGRN7B53N9EXIV1EFR5 48IRWU2ECBDVLWGYMP3KR2VXACQBTC 8LUVWN6T3', 0, 9);

insert into PRODUCTO (IDPRODUCTO, IDCATEGORI, NOMBREPRODUCTO, DESCRIPCION, PRECIO, STOCK) values (3, 6, 'UF8CTTWCI14D3 LNPTFXLJ9TJVMDRNOP', 'HGUVCOU70M5SUKISE5NTRMJ J0D4CVR6IV UIAML41OP658WV946I6A3N HEDY48VBKLXE0OJI68BGL2NCHOKQ7TDQNLHLN9U9GUQUSFKB2727KIBO2HO9UUXSDFM4MNIVJ5DM87CEXALBPSB6AMYS99BF6L10W8NXP2IW6SQ9A38T3XWJL3OJ0JBJNNAVR8VTX06WYFE6O7QXCC2XERIV8LHNC26I49KN5AL5HNU0R0 1LWJC8FCDKP71W9TWC', 19, 8);

insert into PRODUCTO (IDPRODUCTO, IDCATEGORI, NOMBREPRODUCTO, DESCRIPCION, PRECIO, STOCK) values (10, 0, '3EFHEET XJESSVD7FUIHMQKLK913AVUH', 'BW7E5C84IAB4TAOIRWBLQEO7LKHYHL4FUTUPR8XVEQ9HX5HBMI31B3NUDHK7Y5FTQ2O44D5650PIHCCQIHK5N7BRKOGDRG9I65DR85Y2YN6YH 71UP9K6RTP3KY7XQ62TDBRX8M2G2SKYF90JUFW52FYAGLHCGWHRRKAYLJ9PDE5QBT SEVTUPOEVDI0UFBFG8RI0G884IHILMATBL42DL6E03HM5RGYRDANOBE4J66I7HCX5HCDQUPT99 7XRK', 12, 15);

insert into PRODUCTO (IDPRODUCTO, IDCATEGORI, NOMBREPRODUCTO, DESCRIPCION, PRECIO, STOCK) values (5, 12, 'OYGQ584DAIFU3FNH5W3R05F7F3BRKVGU', 'SYM4 F YM9V826GR8TUDIWW74J85MN2X3Q6XSOKUXXU32 9F569P9PIR995PVUL4L700DODBPL5XH1 HPJ5GGWMMQ604VSJRITWB4N2MAQNE9NY4EKLG 5K7JGGHNRDPOHCIDQKBF8W G0SRAFL3R0V39O2I7YVWDKQUJX30FDCQ38E XKTJNXE  U2LMF1IFP49343I7U5D8DXHGXSINB9SBCKT 58S92FCI6DS2Q8A0BV4IVRGRFVHEYEUE01', 5, 12);

insert into PRODUCTO (IDPRODUCTO, IDCATEGORI, NOMBREPRODUCTO, DESCRIPCION, PRECIO, STOCK) values (17, 10, 'Y83T1HBAKC4W6CO1O G0E245Y5EP V0H', '8R6AD8TXW LDHKYXY82TG GXAYX631RBFDY57VP56E93P1 64DPR8DIDK5VBJ35A31RAF DL094N9N2V 5A850KHSQR0WRRB7ABN9495 3V66MRN1BSNA0JRM029HA47T5S3KYQ1UXMH38JBY6K6CI90WRLRAYLW55Q5W42NGDX9DQR2HLDSOPGDLBL3Y3JQKG46FCFRWHPWYIOBMVC7ATP6SKPJS169NNBBYBWDEWCMHWHRIX4 U1K4TX 8R4M', 9, 19);

insert into PRODUCTO (IDPRODUCTO, IDCATEGORI, NOMBREPRODUCTO, DESCRIPCION, PRECIO, STOCK) values (4, 11, '1 8FCNEWF5I7IH7QJQ1AQ0GARTA35AKI', '767A 6ACPXEM4M6X3EDPY CXPK9ESBS5FVOE8Y6SKFQ0L7R2 14OFOSK6OM1E S4HQDMWG3BMWGA72DN3EJ4EEHCUBS1PT9U23N3QLJM4W26XJ92GNHLA6ONTG75VQQVLUXWRHMR0P4C1394VJUNS5781LG 9RB89NL EBV9576E3CQ2 HMOVMFA5042K4KC4Q487GG 1YSSV3JI6MQ1T17FLKTSS6O1V10G4G0914MWHB2GLO7Y7  ONS4J3HB', 1, 7);

insert into PRODUCTO (IDPRODUCTO, IDCATEGORI, NOMBREPRODUCTO, DESCRIPCION, PRECIO, STOCK) values (13, 16, 'XOS2N8YSGMMXVRLW1D8M6MPW8523WOOF', 'J44SAC0ORBNA0B2AD713KS9OFAWSI2POH78 DBY8MQ IC1MN2QTGXQSTHCPGWHOHX8976R9VD0C0 LF5SOODYFNC2DRVQFE0B3Q14S5DWLKHX71C7C0 KI2UTR7S 902HIV5IMW2KR4R4E6AESUFH FDSNU1INT PXI7KX R4J5MDXQKSWVYE0BJEY6E3IALOK7XFJ0VPQHWEVQB99FRW6EHIEBRE22BFH213MT8UYKITLE63CI2F8KUCF101TW', 6, 1);

insert into PRODUCTO (IDPRODUCTO, IDCATEGORI, NOMBREPRODUCTO, DESCRIPCION, PRECIO, STOCK) values (1, 18, '9FNASY2 V7I4ACO9AVGY8NROJWSOHQH6', '2GG BJLACIKIB7P2D BS7F9TUMDU2GHQBN4ELL7J42R39 59L06JH6MC7C7RU46M0BSGN0GU29FRBI4M3OOS8U G60ULDA7VO5OYDFLK7BBKH220NVC3UL8NKIUQM67TE8NCNF7B3SY9SRQDLXJSPELKO5L9OW12Q3HQFH4STNL8AQ7VRIBRB7J DKBWLIWBRNNWNYGV0BAJ3WSRJTLN4UUW0VW0HX9F68E8B4NLTLXWA62ITB1NL1JEKL5NGYV', 4, 6);

insert into PRODUCTO (IDPRODUCTO, IDCATEGORI, NOMBREPRODUCTO, DESCRIPCION, PRECIO, STOCK) values (18, 7, 'L0TEWQCTQXAS3ITW7T84N4 POGLTCBM1', 'F4KTUG6D4WO3P1CXQ1Y3QBFYSFMKJQDPHBSRG37LUH78WJ3J672 ETKPFLBFYHS4  GTFB8J9A5J801CRRFQWQWOXLCTYXTPDWHDU95R N Y1PO2KS543OS21FUM7CV9BC8ND1S3VBH88VFQTTUQIBIAMPDH01B0M6IMEVULVNYXJULLVYFWCB83RIVSBBGC9QF XYXM4I0C8YF8BTASFF0HNGOSTJHYCWMANHLWXBOLAL2ISL7A9FVRNRJFR3F', 17, 2);

insert into PRODUCTO (IDPRODUCTO, IDCATEGORI, NOMBREPRODUCTO, DESCRIPCION, PRECIO, STOCK) values (8, 0, '6U8PCLY4YH2SUQWDEG0TI3BJBUKC7H8S', 'V540VUSAAOYGJA4JK7YC401OJ92MI3FBD4C0RI4C20X6UJ1RTK3CRG48M6NHLEY1YT2FVBV0ON75YXQMX0T5G4J86785  5FI0AFVJCFYJC033RWVUD7924AMD3XSPK54LJN44 PXPDU88M6YLK9 4UXNS3MW6PV8MY2XO6RYDW579W4OWRL9OLK9RLG1K72GA357HEINY0UJP64UHTSGVCJPRF0MTL6S03ORF5PXYD7LT1NLD5WPF52JD1AVGK', 14, 5);

insert into PRODUCTO (IDPRODUCTO, IDCATEGORI, NOMBREPRODUCTO, DESCRIPCION, PRECIO, STOCK) values (19, 6, '2  EVPJ44A XHLFLDPDP3U610QWY2E2J', 'KH9OW63Y1 25XIF7WAMPC1Q0ALDEOUMRH1R1GRRC3943563B5LIYY4W0AYPX1B8W0ABVDN9WFI6FDBY3GHFV GL8Y1FOKWRO9AYG4Q69DRBXJCVAU4 13E7T7IS6VXDW7ESMJPO1ADWWYKBO72WGCYRXSB5I1JVDNA6OW0NYEVE5E0G2E21S60YQDO49HORUFWJHVXMOS6F3 G2B48G3H74HJ5CJ11697EHFJGPYIFSM9JMA0WC3JYAGRHQ2 4V', 3, 18);

insert into PRODUCTO (IDPRODUCTO, IDCATEGORI, NOMBREPRODUCTO, DESCRIPCION, PRECIO, STOCK) values (15, 17, '451KEECEMB8W5UBXC4VC2TJJ2ISCAFCT', 'GJBUFCERKI1E47M9VLP2X1G2VFRA0Y6BDYEIY7D9CMSCM6VP1CJ4C1OS3VD541AKXTQK FQD2MMWKY7FPMM7K2EEG8YOMP8G5HMA2OMVL4TH0ODIWNE3E05KDPDDBUOB03O16207VP NHYVNNLOS669J78WVIP ALUUE 5KHTUX33S A KGFOBT9ER Y30C1XP93ISSHDWSQFJRG1H1BCHQBH4EKGUP 5MDYGB LI6YKO02VXA3V29NYW17VGQS', 15, 11);

insert into PRODUCTO (IDPRODUCTO, IDCATEGORI, NOMBREPRODUCTO, DESCRIPCION, PRECIO, STOCK) values (7, 0, 'XSJ7684 O90A9F23AW459LYRK5H2F1TL', '5FF 1 H6XAV5TIGIVSQFP9K1386O2LK57VV1ISG87Q1AS4GJJSI9KWQ3A02HNSN2KPLWP3PRSYPN090AH79 FIIVQU6H5MQM55555P86R1RR57KS37FDA415BEUVB3XOPH0MGVDNT41G0S RC5HFFAXHLAC21SSVH0IHGGW5AF8SKAGQVAQE7229Q8UTDS8NI1 63TYE7405XMM1Y EW65WLJXF5JQL6DXKDHU6Y8GU7E6LRMLMR1O5DK53CVTO', 11, 3);

insert into PRODUCTO (IDPRODUCTO, IDCATEGORI, NOMBREPRODUCTO, DESCRIPCION, PRECIO, STOCK) values (14, 10, 'XVL8ST3B9HMMKERA1XPJWVFUDC9KDVS9', 'IE2D3YYG4QP7VFVRSFJF3MB1CYPP WPMCIVCMV49YN6GDK71SN9RCYA4 HD2XAM AASFHUSCDM7T8L4O697H78CFJO0WBWCQN1BEIN0W Y5G7G6C7SVCNQSC1LJSKO69IM 0U5BJ9LEFC5E4UIT0XXFOB1T9ESWDTM9UVFSAE6DP1XEIWBK2KHLM HSRRJW77ATF9N1KEXJ6U6BEYRP E75UFYGLYC2E5H6609860RELQFQ3B1W4J KDT9U IVR', 10, 16);

insert into PRODUCTO (IDPRODUCTO, IDCATEGORI, NOMBREPRODUCTO, DESCRIPCION, PRECIO, STOCK) values (6, 5, '96CG  474XAB3 X06RBQDLIA3EC88Q3I', 'YWR1HBP0DTAHOVCWA40SSC PL2RX29V 9GA1IQQLS6QA0PTI4A806HF2DYKTYA876LWVH15PG6 G3 TR2IUCEWQOY CLI12FVY5BEBXMTPKKBRHI39PIHUH10EHEN4M60U739Y94QHQA0C6 JSB99SF8KC0E5J9JLGT WMGKHY9ADBC234SGNJEU3MNRMHJ34OJV46XSQEQAKKM3Y3XWB6H HVOQPH60D8FJLWC7ISA L8R0NA8IW1VC0J5KUC0', 2, 4);

insert into PRODUCTO (IDPRODUCTO, IDCATEGORI, NOMBREPRODUCTO, DESCRIPCION, PRECIO, STOCK) values (16, 14, 'X0YLWOJXS9CO3LN90JNWHSD37A4AGM3J', 'YOLCYW9GQDYR6ERR743S4 RV2CTOJG533M1OYI07T5IMPTUNNRNDPY82XLNLYU9L6BMJKV7OG5S1BMJQUBWE97P258UV76ASG86PP97443YRYG2EU L PYLQI6W4ML58P8BKGVMXX2XAHV175C7T5EO0BP6NN23J9LE7SVCOFKGPTD9WVC0DMM02GLSCQLKI 1NCT8J1PJ0SXAVCMF4M6KV58XKTCXC39N0CNXOWFAWXTX9JKECC 4XRM87CYUH', 16, 17);

insert into PRODUCTO (IDPRODUCTO, IDCATEGORI, NOMBREPRODUCTO, DESCRIPCION, PRECIO, STOCK) values (0, 10, 'NEM9V362KS4Y5QKFP4F57NLJWNY QNNY', 'F Y79FQIBSK48HH5QDFBU730G1F6S4 AQMTRTAG2GGHKE01H794G6 6A1GWOQFVEH5K BGQMMNLUVFKIJ KY0JY7DDCREG O72YXR63SC7VBNW1RBS4SP5XIKSY5NUOAPE3HUO F9DM8FK71EINO72J6VB9H187PTRIAVATN6YOIMKTHQGD77M4JL183PCQOL75SUBVY3E4W65HEHIYMY5U4DK93IWD6AED5C49 2ILYTJRIV2G3G0WST24G N3', 13, 10);

insert into PRODUCTO (IDPRODUCTO, IDCATEGORI, NOMBREPRODUCTO, DESCRIPCION, PRECIO, STOCK) values (9, 12, ' 0M0LFGQLH0944U951EGTJCG5R6C329O', 'J7IXDO25RER2YU02OE2AGBMAOU8 T8CRBW7Y8TMHKJ2W08UQ7M CETEY7FAFP3U6D1R1AB75X2YWYME1IBSWCUUS2RYGC1 3UFV6UHB0PPF9HB14GD0MH1FI85JHS6N253WP16FP E1L0A520UPLVLNTY2VBVBRN05LFR04X75UXQ46TL GBAE58R5966U88EWDJO5 417HNO2J9T5DN92FAI7LO4W26LT2M8KKSEX2LL2R6JW5X6R6B96AUV68', 7, 0);

insert into PRODUCTO (IDPRODUCTO, IDCATEGORI, NOMBREPRODUCTO, DESCRIPCION, PRECIO, STOCK) values (11, 17, 'X9MM54IECOI0S9PPU9Y8I35VTP0GPEHW', 'O4I4PPPK8LUA02PC90WXU4D1NF5A3C5TWTPH62TMO3NCIF6V3N FI2DNGNE1AATUWRDMV5QFBP5 5RFV676VHN0SUWCKO7XFLELJ JYQ5KDGE1Y0WRN3MC25UDKDWEUPWDKS6KOA6 FL2VYWMKOCBF2JBLRK1YMUJMPGHEOX9MOOGRC9J9RH9X4R4CTPIOW06EK3BYFE6FJL7YKQRPIVMN2O0OTX892GF7UVKX3MLLNQEGU4C1QE 7C4J XWH33', 8, 13);

insert into SERVICIOS (IDSERVICIOS, IDCONSUMIBLES, NOMBRESERVICIO, DESCRIPCION, PRECIO) values (17, 18, 'GB03M3OW424DHXJPFJ4CVE9L36 BWFTTVG54190OE8QW4RC9BHRS E79F2T PR3YVIBMAU2DO7I3CU4I7F 92N PVL X SO0TR E', 'SXRGET2GU9Y38Y0P4 X78I5NODMVN6115 IJA36R7NACG8P6YQC5 V1PPAS3H5TFNQ8RP1UXT5U7VX5539L8FYDJBYJKOQ0 JI6LI3YEKD2QKY0T8OHB5AT9989AGDK3Y8NC0T  2LCU0AJRTUT8YKNH4SF6EMYJQMYAN0X0RQ6EU2HY47FN1LK66UH1B86JJWIJ7KC4XD253O3U7V78SDVPLB KD4TPT2P7RK8FIQISYK77WM2FX1FU9SGDWCY', 13);

insert into SERVICIOS (IDSERVICIOS, IDCONSUMIBLES, NOMBRESERVICIO, DESCRIPCION, PRECIO) values (12, 17, 'BDL203G4X5AJ2FLHYSW7N7BS 40UF8B9YLFBUQ87KXEXEH2CGSEOG7CBUMQRUQ40XLOA2Q9ITN4T0AHO8T3HCK97KGMQNVULUPHL', '0QQX9N77EBR2V1C6ASX PFXKSTGH0M36WC4OJIUEXX DV3UVN9UVEKF55Q7NWIRM7E6EV82FCOM06A0OEG4RPV7MY9LLDRV 5GHNW0IIAOIN2XXKWD6OS6 WKFT0OY3GDU9 8B2BYV7YQRU00Q3QOLQIT PLXT9RXPEYDWP4TWVOAO7Y00J DIIEYKS28IE78YG6QRMPSABJRWK0JJXKOMJ5KI77IDMJ57MCM92C893B0YO6MD9NET9UPYRSN08', 17);

insert into SERVICIOS (IDSERVICIOS, IDCONSUMIBLES, NOMBRESERVICIO, DESCRIPCION, PRECIO) values (10, 1, 'YKGD65CV5APEVERJT3V932M4R0LU9M7G6FI01H3BIS5DVADBRFN995TXKB6QM6DKU8RRO0IT5UWKMJ SGVR1VQHNTQ 7AMO8FT4 ', '4Y0R29YLWWVATXND3RC9E6E51UU MFFQTBJD4RQRQWWQX60RUT583LU WSVYMISQ0BVM76QDQS VGFF 4256Y6YK3TIHMIL MFSD3FFEBJGUC7HF36KR99T SK20JVLF3IV2LDHWIIJEIY5LI9DBC6SBR4KND1V6FWIVJRY4QG4YX1L5LTBRJ3I 7YU42ASG49VKS73I2KXNLPAX4P R96WF XIVNUWN9QUM8CGL1FH5J4 VFANKVE5ADD Y6T4', 3);

insert into SERVICIOS (IDSERVICIOS, IDCONSUMIBLES, NOMBRESERVICIO, DESCRIPCION, PRECIO) values (6, 7, 'BDXOI9P0GHUHLN HI20BP 39IFV6VO822IVPIN0NJQCGBMRHSQYGTKAYFB QF5EDXLY6EFVL07194K7X5K254SXB5C5RUCJET5 Y', 'BET64TLW4Q12XTCQ5CAG4VPRD7XE3O9N7NEDUICJYSRQ JDU19R91OWGNXPPOB1Y5NUN79US5BFC1S3X03ARJTQC8E8PQ62Q7KV594CBU17JGRAVM8SDKUUQC4EVYH11J4MMS4W4G5RO9LMTOPLCMAS7G0IHPDL6HJMR5DJFEE3 5KQ82 GOYS0N4MBO 4BQIMTXDY4RF2LGFV4TV3I6GYVA4YX9G0NKCLLC71H AX5S3T7MCLDEMFMIAMWXF9 ', 16);

insert into SERVICIOS (IDSERVICIOS, IDCONSUMIBLES, NOMBRESERVICIO, DESCRIPCION, PRECIO) values (7, 0, 'WR0VX2O1WX3U O720N3GNUNM958MLWXG3LTL5S3E 0U5KIEBB3HISEX768QHYWVKIOAWK4BJ4VJX3PUK8NFLDXL0J0 LLH3Q0J6 ', 'TPCOXYSC4YDYKTOAVTMYPOYG3PP52WALXM8AFOGCKL7O2VUM7VRM9F7F1KU2XGDMM64XF0700HVDF7NBF667XD JN87CFGY6UNGN5ACRD0AHHHJFOMLUGO1PH8H6ERE8WH6SRJ7YUUWVXYWVD764A56OF9W4D18QDAR63B2TYOQT6I7J72Q2PAA6K386NIVG1R9 S BKGGB HS 66KH3Q68UERQPE3U31T6TAHD6G7NHT0QFI5AY7LX5KD9HGCP', 6);

insert into SERVICIOS (IDSERVICIOS, IDCONSUMIBLES, NOMBRESERVICIO, DESCRIPCION, PRECIO) values (15, 5, 'X1J5GCW6NAV2DT0W2JEXNRHG0A0XYGT1UW3GJ1A08G0KQPVNIP9IBGHQO58P2J69V9H99DTJQRXASCC475ASNWU0X9G1FMYYI CU', 'ARJNPUDMP97ESY21VRHHWR BI395OJI1KW382E KYHSMRIIH0QBYJPGCA7UBY3HFCFW3PR7NR2H RTKO7JN2XAR2QHR49CRIYKGWVGLFS60NFY2AQKJSHE9HXQSJ1BK NTGU6VFFMA7DYWK TGAL0T1NY2U23TQJL1QPP3J9S51DSA8HK69HT0UPSW ONFSWT99PV1JINSQFWMWKXY3 IA0R8VGXCHVT9W8NKDKUKIJUL61 WAG56QK 3XNW66T', 9);

insert into SERVICIOS (IDSERVICIOS, IDCONSUMIBLES, NOMBRESERVICIO, DESCRIPCION, PRECIO) values (8, 13, '1I4W0 D2BHGJJVNB8O4Y33LJMCGE38I0LGLARAE9LMS9V7R605H99DPBK5NWWFW64W8WL 3P83PLEN51DFROK3  M97U4AO66FP ', '3UJWV0KIXQWYGMXUJ8Y9L968K1C56ME3KB6S9VVWHAVMM5P22O1JGNABPNLMWJUT3C H5ABV89KB9O56HWVICLGTOEHXR51TJJHQINOAYKDYS8LBND4IHTWFSN44W48HUEEJSXLLG22N7389ILO1KDKFBRTC3JGYY9TXYCFYKINNX3 E1XQSVS9RNW8XLVL UI26KNA55KCD2EKU8KSK6YH356BC5 7YJBROLX5M3RRD3LHB4QKDT6LP8M8A55P', 0);

insert into SERVICIOS (IDSERVICIOS, IDCONSUMIBLES, NOMBRESERVICIO, DESCRIPCION, PRECIO) values (0, 18, '2QQUB 5YA3J 3FGX KRQJMDMTS2GSADSKIRJA7POIOSSBVRSEDM7H13M17K 9M6MIIRB1EO93SVLP8F4LD6O01 BM4Q8G9RU48J4', ' 2ST OPPIBMQD6M18RH3AL5NIB5GIE39QIYESXVGKTGD9VXAM8RROV1L3WLT0AWUN SY0YSO6KL32DB28OH3XMC2QHNAUQ36PM28MY5GHK7L CY0E8G0N9 IAL08C7JRNLK9VM4K6WEUB HJ43CONPC6DU78VNLYT3XC077OML51M1WU5HQISJ416RP81KXS7CO3MGF7XUDSJTOVRM6A6QIXK0TCK1Q5GMCBAO2ARQWUV2LEYT2Y0V1D39U2DMJ', 5);

insert into SERVICIOS (IDSERVICIOS, IDCONSUMIBLES, NOMBRESERVICIO, DESCRIPCION, PRECIO) values (11, 7, 'S  4U4Y76RYRBPBW3 A7ECA7JVGSIFYI877TIOEV7HHK4RY64YXQ2 5H4V6VS82JG2LTSPNGKARGKABAVUGJAHE38IJIXW5SYD1P', 'NX887UPXWGGFCL6XYDCQUP1PSX7Y3IF8RKHN69V5T28LMU AUCLDITWU9XK8H527N1RQXM4CJ8AXCWXQ6SW5S K9QK3OHNP8CLENG9UGDBWUG7WRTDO3U3R4W0J4PK1EK6UB2K WE9DQ6CC7GBD526N082SF KBCWFKN941FJQ0S02BBILF55D2Y 7N9HGA0NK1HXP1AD188QBBT6RCW3 8B8K08M88RYIQH46I2E2E2E3DQI2N14JYYRWRV32 ', 19);

insert into SERVICIOS (IDSERVICIOS, IDCONSUMIBLES, NOMBRESERVICIO, DESCRIPCION, PRECIO) values (4, 14, 'TSLU2TKTB6U GDT0X77RSWAAF73RENKRAF5POC5751PRKEEJATW6VJWKNJI5YFLOBV9H4GGUQ1TTPKSPO JGOC3MO3JV 4U50WPX', '8QD8GP7D18MMJC54IG7P9RT5S4ICMM32BLB4J5 BWVD1PWT38WYF2EXB5SQXR8YJFEGJTTR9DS6 ER15R27YV0GIP2IN2AIRVHWEPM09LRSD1X WCFLG9VL91GN9NP9FTJW62AQDLW5PE8J34U PC6A6NO6 17F8DIUV6COODMBYQ76F5EDXKR1VYR8M68SYKND1M38CQLKQO92OEFV QC2 905GD1UDAF5QJKEIHR819I1MQKU45E87T2EBDNS', 8);

insert into SERVICIOS (IDSERVICIOS, IDCONSUMIBLES, NOMBRESERVICIO, DESCRIPCION, PRECIO) values (16, 13, 'HAFBKX6EDL665LHKEUMLE97YQBR GLHA7PK83RYBIYDPQVC2RBVKQQT SCKVLBSD4F38MSFVGWW4CDU RTTPFFQY8E2OAQWHJWU0', '9CM3IBOVEACWHWWK3XSPAG518PRMLBXDHIC8JV0 6PVA9G4R NA3SRMNSYAK7RE2XEXRHG0R5858Y7OF4IJTMIMXOJ07INI0GJ 2HSVTLA9RUST0GYBQ7MRBOAQLKDDX1DGLBXKIS4I1LALLYGP0IDEYMYE1SO BM9I27EVR5YLEH5UYK90U3GOOE6BW8R 77GNBX2A80WFCB96ICLVN  JWVJ1RG6XCU5M9S976S 6HDW0AAK5YQGPQ IECJX4', 7);

insert into SERVICIOS (IDSERVICIOS, IDCONSUMIBLES, NOMBRESERVICIO, DESCRIPCION, PRECIO) values (14, 8, 'CN3VXHW6SUUYW8785MIIGDP5CQ9I2CD9E8LP2G5QSEE317CCHSUSDYM7FKIUTUTQTNO9GH5O0BQ1G48BXRLF6ONP3PFE9607JCA ', '5KDH2NPOJX3CNKSH2H72JITN PGII3EKNH4I1WILXW3QT80K62H17WDN00NTCAF5KO9BMF6NK7QB1B20O56U03VSWXA  S6IADMTEOP9DFLHL8VB9W1I5TFWFHG STA1SOV45MDOV29TY QSBJQBXALKXT6294SXSVLQRRYXCR77N3EISATUUAB8I CR1Y24L6CCC4MRM4QUFKYCCERYK3Y2T5RV 5 F7UI 39VS8U557 YYC6WUWJA18I5H10R', 12);

insert into SERVICIOS (IDSERVICIOS, IDCONSUMIBLES, NOMBRESERVICIO, DESCRIPCION, PRECIO) values (18, 4, '1X W A6 U6JEULSNKT6KVXXMAXGGE2JU6WFC488O9ELYJML7KCBR5A4I6G9B6SOBNFXYSAKC8HAB7JCAP6U8849LNY8OIT4FL5JQ', 'D98EWFAQBEKMV0GDPQXJWT0GWR950CF283N8OVUJJX2802MIV61UTEC153MA26TX4MH77413CB2YWPM5EWVVNY014JW0LY2SXH4AK1MKFQDO3H6F3WVOLW TV2CMUAOKAY1G7MRJA S6G1JXGRH4AUO6BCDFAYMHOYNJT1705J5837EMUQ50HI5B2N9JPUF9A2GCCLAE3IDDH 3WDQG1CSYULXG05 6X5J1H2TSIXPC5AIGJYCVV9S6S3TDV NE', 15);

insert into SERVICIOS (IDSERVICIOS, IDCONSUMIBLES, NOMBRESERVICIO, DESCRIPCION, PRECIO) values (5, 19, '9 0RO1BU08JQTV61C1PWSBTFXOEQNM0QP2J9VCY WWTV8VC6KY1 595HY8ABR3R06JAOJI34T2YILB4SY1 0LBYTXLMSBOTMNRKE', ' 19WJIA1K9J0 I3SP7R00WNEIJJGYU79DHSO1JUY5G3C7E701NVHU8SSWQ281L6ECVBXA7FXBQ4C0IEJIH8XSIQ058X6UH90MCQDMW3VI 22MOHBKQ1 0959XDDVXWARBRKO8A5AJYXL00ET 74DP8W989AWTN9XXVYJ7C06P6GY5V62 G UWKXBKT7VVRDAF3RQK971LX1CX 3K8WS4LMF7QPDEHIW54PH07JIYAAOW28JERMD1L1P91FL7SJB', 14);

insert into SERVICIOS (IDSERVICIOS, IDCONSUMIBLES, NOMBRESERVICIO, DESCRIPCION, PRECIO) values (19, 0, 'SFDTMGX205UWFQELHPOE57FC65WQ1BTB6R0I03TG05KPUTAWJJE9TPXMH7DH23LWM XQMDY4HS DW9VNWMTG 2HUW891I9Q2GAN3', 'BRQ97  SJA32TAW17 L7EQQ7C46F  O97H0V4LO3WF0KC4HB2RIF1OXJU200H13IOT3TOOXMP F5O3S8PCUSW 4IOCR6GX807RF6QRFP4NJG5KWS9EVSV621AVYFPHTVOM4Q9C1VVJDU2U56I NGVMT7PW0W2HUBO84X7P S93M9S47QOL MYNQ9E62CEJKR5Q5TL5PA 9WBOJYWK2IN2HFMGR19M8LSPQP6ET0BFCGB52MEHQMMA7STF6OQN1Q', 2);

insert into SERVICIOS (IDSERVICIOS, IDCONSUMIBLES, NOMBRESERVICIO, DESCRIPCION, PRECIO) values (2, 3, '1VP1RFG29FG23LD2OLJREE9MW83DFPG6OGOPJ3 1IUJX3U27TRSNGQNHSRRSP06LXCL6 N7K3FTJ8KM16D0AUWHXLV YUSC11XC0', '4E63DQSW1E1G5NOPYB9I9OV KFDGJGB3LWIDHN2PQAHRGO6XJER3XCEHR3NN3 D5AAHE7AH1U 71HO9DBPQ4PGM1ENQBHAEICACSWTVR0Y4R38NCHN24949OOQRAFFF763OXLEW1X5L3VWTHI63EYL0NXLA7AGJF8GI1Y96CK3D41A9NXVJ1S3EMN19G6JLR6NA3CN7DYSKLH0B0JPJVEVVEHB18QRF UHUTQUF4DSS3PQ927BMK58U58ADHCBQ', 4);

insert into SERVICIOS (IDSERVICIOS, IDCONSUMIBLES, NOMBRESERVICIO, DESCRIPCION, PRECIO) values (3, 1, 'MSGXDA0PAPEPIK81VID8LT4WTF5670 BDWQFLW6SF0EFFPKR4VMQ16RAY0GQGJQRL6NH0XDP71AGHF9VO16T3SJ92HPHTVYG1NGE', '77ADRR44W68Y W49HYQQK HJAWAF 0G5SCXK9QVKAWQHEWYFB1N70J05KK8S8FD7DLTGEMGU49F488 OUR6SY36SXIJGJWCCXEVH1190J30271X OP2O5MFFO66R FOWOBKKU9Q1YFQWT4O2NHIF5P6 D5LJHMQ534WW97BQ1EBMAY1OVYA 9LX7T5T MSU7YPD8JGJVSD1MONXET4ORL77V44FPWWE5C52KM9X5HSPQT 7R63HI33IKQ3GPHJU', 11);

insert into SERVICIOS (IDSERVICIOS, IDCONSUMIBLES, NOMBRESERVICIO, DESCRIPCION, PRECIO) values (1, 10, 'MDWUN2E12OS90WPWQTCICI476J44V16OHI6736QIKOQGX5FEYO69DMGPBF  NXCQHXS8DAW77XVER7ASL079428UYNATDN80EEHY', ' KOJHCI13MAP5AFV7W73GDJHUAAKEE NJBNYT9RF71PVII1V0AVE6XCO3S2UME59MFMWVP7RVUXNUML6GVQRP 3QNFY0L1L8W49MCTQOCE3XKKGWOHK6EK CSRN8YOL4 VFSEHVVVDH8J4P1P8934GU7NK ARF HDE4NIFR0IQGJ Q3QHIWJ28629YYEG7CYHRH N4AXAOMCKRX3W R1VB6NM9OEVOW6L9V43SWB4QOSC7BAPL7OKSMRL6ILBAG', 1);

insert into SERVICIOS (IDSERVICIOS, IDCONSUMIBLES, NOMBRESERVICIO, DESCRIPCION, PRECIO) values (9, 17, 'N08G662M5AVKFURS0VIHOO2WEAR3Y36XJRMNHJE67FF92FAOVU4J05G1IRIHSDX82TQ95C4ODCUF5AH8VMH E3RLXQOREXXGO3TP', 'UYHPULHR1UNKER VILLS1MK08WMVUEBJMNBMLC0NX5KACQP  3H7AUFHXARFK9RCASWG7TY2UOR19ISMYQ2C2JSTQB4WNBGOL8P341Q4P0X6BSFGPWF7LBYGKHHALI 0CUEMCCHJFJX7ANMSLVWYK9YHC5VLC3PJDE0CBI5S M0TDK4LXU6X9UNO4OO5ESS JJTN3OGYDKLTEHGH3Y4LG MFU8FAVO5URTE28HWSMHG7NPYRJ8YNHWATKY4LBBI', 10);

insert into SERVICIOS (IDSERVICIOS, IDCONSUMIBLES, NOMBRESERVICIO, DESCRIPCION, PRECIO) values (13, 13, '16K7LOON382DOKPR5QFG7O5I8QKS4GRIW AG4Q4KBD1HAVHWIO32DTHFL1CUPD66GX KPM2T34II5GAFLPHBU6U5RBYV09B8AHH9', '7XQKDTVRMTGN2YWQCNJ5U6BTLEVUSTKDU1MGEGA4L0HHQQ8NUXRI6 B53FX4Q0T 62SG7AHSCCFKNV8FGVM1PQF0ESWOG4QF90EA 1OGAY3SETTG51Q3QXK 5NLI4TIJVYLW2VHHE15ASIC G NAOJ0BR7MY3CNXD BKYJY2ET7INHJ1LAVG31I36PJLVG31S6IRACH6MJT65RJEFLPURI763FU92H8 UP CX2WL0HBCGWYNHLFUKIL8ULV5I7U', 18);

insert into DETALLEVENTA (IDPRODUCTO, IDSERVICIOS, IDUSUARIO, FECHAHORA) values (2, 17, 4, '103-6-7 0:31:14');

insert into DETALLEVENTA (IDPRODUCTO, IDSERVICIOS, IDUSUARIO, FECHAHORA) values (12, 12, 14, '1701-6-27 12:35:10');

insert into DETALLEVENTA (IDPRODUCTO, IDSERVICIOS, IDUSUARIO, FECHAHORA) values (3, 10, 10, '1954-2-16 14:36:13');

insert into DETALLEVENTA (IDPRODUCTO, IDSERVICIOS, IDUSUARIO, FECHAHORA) values (10, 6, 1, '1265-9-21 8:55:17');

insert into DETALLEVENTA (IDPRODUCTO, IDSERVICIOS, IDUSUARIO, FECHAHORA) values (5, 7, 9, '637-1-31 3:44:16');

insert into DETALLEVENTA (IDPRODUCTO, IDSERVICIOS, IDUSUARIO, FECHAHORA) values (17, 15, 16, '1592-12-16 11:54:54');

insert into DETALLEVENTA (IDPRODUCTO, IDSERVICIOS, IDUSUARIO, FECHAHORA) values (4, 8, 7, '1137-9-20 7:50:14');

insert into DETALLEVENTA (IDPRODUCTO, IDSERVICIOS, IDUSUARIO, FECHAHORA) values (13, 0, 15, '1463-12-24 10:47:24');

insert into DETALLEVENTA (IDPRODUCTO, IDSERVICIOS, IDUSUARIO, FECHAHORA) values (1, 11, 5, '231-4-9 1:30:9');

insert into DETALLEVENTA (IDPRODUCTO, IDSERVICIOS, IDUSUARIO, FECHAHORA) values (18, 4, 0, '1-1-1 0:0:0');

insert into DETALLEVENTA (IDPRODUCTO, IDSERVICIOS, IDUSUARIO, FECHAHORA) values (8, 16, 8, '1532-12-24 11:26:13');

insert into DETALLEVENTA (IDPRODUCTO, IDSERVICIOS, IDUSUARIO, FECHAHORA) values (19, 14, 2, '1796-4-6 13:24:47');

insert into DETALLEVENTA (IDPRODUCTO, IDSERVICIOS, IDUSUARIO, FECHAHORA) values (15, 18, 19, '736-8-2 4:40:59');

insert into DETALLEVENTA (IDPRODUCTO, IDSERVICIOS, IDUSUARIO, FECHAHORA) values (7, 5, 6, '491-1-18 3:14:49');

insert into DETALLEVENTA (IDPRODUCTO, IDSERVICIOS, IDUSUARIO, FECHAHORA) values (14, 19, 17, '1410-2-21 9:58:42');

insert into DETALLEVENTA (IDPRODUCTO, IDSERVICIOS, IDUSUARIO, FECHAHORA) values (6, 2, 12, '881-9-8 6:16:36');

insert into DETALLEVENTA (IDPRODUCTO, IDSERVICIOS, IDUSUARIO, FECHAHORA) values (16, 3, 11, '791-10-1 5:27:18');

insert into DETALLEVENTA (IDPRODUCTO, IDSERVICIOS, IDUSUARIO, FECHAHORA) values (0, 1, 18, '379-6-20 2:9:46');

insert into DETALLEVENTA (IDPRODUCTO, IDSERVICIOS, IDUSUARIO, FECHAHORA) values (9, 9, 13, '1016-3-15 7:3:1');

insert into DETALLEVENTA (IDPRODUCTO, IDSERVICIOS, IDUSUARIO, FECHAHORA) values (11, 13, 3, '1862-7-8 13:53:4');

insert into INVENTARIO (IDINVENTARIO, IDPRODUCTO, STOCKMINIMO, ESTADOPRODUCTO) values (14, 2, 4, 19);

insert into INVENTARIO (IDINVENTARIO, IDPRODUCTO, STOCKMINIMO, ESTADOPRODUCTO) values (3, 10, 19, 11);

insert into INVENTARIO (IDINVENTARIO, IDPRODUCTO, STOCKMINIMO, ESTADOPRODUCTO) values (15, 8, 14, 14);

insert into INVENTARIO (IDINVENTARIO, IDPRODUCTO, STOCKMINIMO, ESTADOPRODUCTO) values (13, 15, 6, 6);

insert into INVENTARIO (IDINVENTARIO, IDPRODUCTO, STOCKMINIMO, ESTADOPRODUCTO) values (19, 1, 17, 4);

insert into INVENTARIO (IDINVENTARIO, IDPRODUCTO, STOCKMINIMO, ESTADOPRODUCTO) values (8, 4, 8, 5);

insert into INVENTARIO (IDINVENTARIO, IDPRODUCTO, STOCKMINIMO, ESTADOPRODUCTO) values (18, 0, 0, 16);

insert into INVENTARIO (IDINVENTARIO, IDPRODUCTO, STOCKMINIMO, ESTADOPRODUCTO) values (1, 1, 1, 13);

insert into INVENTARIO (IDINVENTARIO, IDPRODUCTO, STOCKMINIMO, ESTADOPRODUCTO) values (2, 14, 7, 2);

insert into INVENTARIO (IDINVENTARIO, IDPRODUCTO, STOCKMINIMO, ESTADOPRODUCTO) values (0, 9, 12, 9);

insert into INVENTARIO (IDINVENTARIO, IDPRODUCTO, STOCKMINIMO, ESTADOPRODUCTO) values (12, 1, 10, 1);

insert into INVENTARIO (IDINVENTARIO, IDPRODUCTO, STOCKMINIMO, ESTADOPRODUCTO) values (6, 1, 3, 0);

insert into INVENTARIO (IDINVENTARIO, IDPRODUCTO, STOCKMINIMO, ESTADOPRODUCTO) values (7, 18, 15, 12);

insert into INVENTARIO (IDINVENTARIO, IDPRODUCTO, STOCKMINIMO, ESTADOPRODUCTO) values (11, 19, 18, 7);

insert into INVENTARIO (IDINVENTARIO, IDPRODUCTO, STOCKMINIMO, ESTADOPRODUCTO) values (5, 19, 16, 15);

insert into INVENTARIO (IDINVENTARIO, IDPRODUCTO, STOCKMINIMO, ESTADOPRODUCTO) values (17, 12, 9, 17);

insert into INVENTARIO (IDINVENTARIO, IDPRODUCTO, STOCKMINIMO, ESTADOPRODUCTO) values (10, 9, 2, 18);

insert into INVENTARIO (IDINVENTARIO, IDPRODUCTO, STOCKMINIMO, ESTADOPRODUCTO) values (9, 18, 5, 10);

insert into INVENTARIO (IDINVENTARIO, IDPRODUCTO, STOCKMINIMO, ESTADOPRODUCTO) values (4, 0, 11, 3);

insert into INVENTARIO (IDINVENTARIO, IDPRODUCTO, STOCKMINIMO, ESTADOPRODUCTO) values (16, 4, 13, 8);

insert into DETALLEFACTURA (IDDETALLFACTURA, IDFACTURA, IDPRODUCTO, IDSERVICIOS, IDUSUARIO, CANTIDAD, PRECIOUNITARIO) values (3, 18, 6, 3, 12, 8, 11);

insert into DETALLEFACTURA (IDDETALLFACTURA, IDFACTURA, IDPRODUCTO, IDSERVICIOS, IDUSUARIO, CANTIDAD, PRECIOUNITARIO) values (5, 1, 19, 14, 14, 3, 6);

insert into DETALLEFACTURA (IDDETALLFACTURA, IDFACTURA, IDPRODUCTO, IDSERVICIOS, IDUSUARIO, CANTIDAD, PRECIOUNITARIO) values (8, 4, 8, 7, 14, 16, 3);

insert into DETALLEFACTURA (IDDETALLFACTURA, IDFACTURA, IDPRODUCTO, IDSERVICIOS, IDUSUARIO, CANTIDAD, PRECIOUNITARIO) values (10, 15, 3, 6, 7, 15, 13);

insert into DETALLEFACTURA (IDDETALLFACTURA, IDFACTURA, IDPRODUCTO, IDSERVICIOS, IDUSUARIO, CANTIDAD, PRECIOUNITARIO) values (14, 0, 2, 17, 5, 11, 16);

insert into DETALLEFACTURA (IDDETALLFACTURA, IDFACTURA, IDPRODUCTO, IDSERVICIOS, IDUSUARIO, CANTIDAD, PRECIOUNITARIO) values (12, 16, 9, 17, 19, 18, 8);

insert into DETALLEFACTURA (IDDETALLFACTURA, IDFACTURA, IDPRODUCTO, IDSERVICIOS, IDUSUARIO, CANTIDAD, PRECIOUNITARIO) values (9, 6, 13, 17, 18, 1, 10);

insert into DETALLEFACTURA (IDDETALLFACTURA, IDFACTURA, IDPRODUCTO, IDSERVICIOS, IDUSUARIO, CANTIDAD, PRECIOUNITARIO) values (19, 19, 2, 11, 15, 10, 2);

insert into DETALLEFACTURA (IDDETALLFACTURA, IDFACTURA, IDPRODUCTO, IDSERVICIOS, IDUSUARIO, CANTIDAD, PRECIOUNITARIO) values (2, 5, 4, 14, 15, 13, 9);

insert into DETALLEFACTURA (IDDETALLFACTURA, IDFACTURA, IDPRODUCTO, IDSERVICIOS, IDUSUARIO, CANTIDAD, PRECIOUNITARIO) values (4, 0, 4, 1, 18, 5, 12);

insert into DETALLEFACTURA (IDDETALLFACTURA, IDFACTURA, IDPRODUCTO, IDSERVICIOS, IDUSUARIO, CANTIDAD, PRECIOUNITARIO) values (16, 17, 5, 4, 11, 7, 17);

insert into DETALLEFACTURA (IDDETALLFACTURA, IDFACTURA, IDPRODUCTO, IDSERVICIOS, IDUSUARIO, CANTIDAD, PRECIOUNITARIO) values (0, 7, 5, 14, 6, 6, 15);

insert into DETALLEFACTURA (IDDETALLFACTURA, IDFACTURA, IDPRODUCTO, IDSERVICIOS, IDUSUARIO, CANTIDAD, PRECIOUNITARIO) values (15, 9, 2, 7, 9, 9, 1);

insert into DETALLEFACTURA (IDDETALLFACTURA, IDFACTURA, IDPRODUCTO, IDSERVICIOS, IDUSUARIO, CANTIDAD, PRECIOUNITARIO) values (11, 7, 2, 15, 14, 19, 5);

insert into DETALLEFACTURA (IDDETALLFACTURA, IDFACTURA, IDPRODUCTO, IDSERVICIOS, IDUSUARIO, CANTIDAD, PRECIOUNITARIO) values (6, 17, 12, 12, 8, 12, 14);

insert into DETALLEFACTURA (IDDETALLFACTURA, IDFACTURA, IDPRODUCTO, IDSERVICIOS, IDUSUARIO, CANTIDAD, PRECIOUNITARIO) values (17, 3, 15, 4, 17, 2, 4);

insert into DETALLEFACTURA (IDDETALLFACTURA, IDFACTURA, IDPRODUCTO, IDSERVICIOS, IDUSUARIO, CANTIDAD, PRECIOUNITARIO) values (1, 14, 1, 7, 6, 14, 0);

insert into DETALLEFACTURA (IDDETALLFACTURA, IDFACTURA, IDPRODUCTO, IDSERVICIOS, IDUSUARIO, CANTIDAD, PRECIOUNITARIO) values (18, 15, 14, 8, 0, 4, 18);

insert into DETALLEFACTURA (IDDETALLFACTURA, IDFACTURA, IDPRODUCTO, IDSERVICIOS, IDUSUARIO, CANTIDAD, PRECIOUNITARIO) values (13, 0, 1, 14, 5, 0, 19);

insert into DETALLEFACTURA (IDDETALLFACTURA, IDFACTURA, IDPRODUCTO, IDSERVICIOS, IDUSUARIO, CANTIDAD, PRECIOUNITARIO) values (7, 3, 5, 0, 11, 17, 7);

insert into DETALLEENTREGA (IDPRODUCTO, IDPROVEEDOR, IDENTREGA, FECHA) values (2, 15, 12, '1-1-1 0:0:0');

insert into DETALLEENTREGA (IDPRODUCTO, IDPROVEEDOR, IDENTREGA, FECHA) values (12, 16, 18, '450-12-10 4:12:39');

insert into DETALLEENTREGA (IDPRODUCTO, IDPROVEEDOR, IDENTREGA, FECHA) values (3, 2, 5, '1551-1-21 11:56:37');

insert into DETALLEENTREGA (IDPRODUCTO, IDPROVEEDOR, IDENTREGA, FECHA) values (10, 14, 6, '653-5-22 5:33:19');

insert into DETALLEENTREGA (IDPRODUCTO, IDPROVEEDOR, IDENTREGA, FECHA) values (5, 12, 16, '354-8-16 3:14:38');

insert into DETALLEENTREGA (IDPRODUCTO, IDPROVEEDOR, IDENTREGA, FECHA) values (17, 7, 17, '208-7-10 2:34:53');

insert into DETALLEENTREGA (IDPRODUCTO, IDPROVEEDOR, IDENTREGA, FECHA) values (4, 8, 7, '1673-11-17 12:42:4');

insert into DETALLEENTREGA (IDPRODUCTO, IDPROVEEDOR, IDENTREGA, FECHA) values (13, 0, 10, '1982-3-7 14:57:1');

insert into DETALLEENTREGA (IDPRODUCTO, IDPROVEEDOR, IDENTREGA, FECHA) values (1, 3, 13, '64-4-21 0:33:0');

insert into DETALLEENTREGA (IDPRODUCTO, IDPROVEEDOR, IDENTREGA, FECHA) values (18, 13, 15, '974-11-23 7:54:6');

insert into DETALLEENTREGA (IDPRODUCTO, IDPROVEEDOR, IDENTREGA, FECHA) values (8, 5, 9, '1215-6-29 9:38:7');

insert into DETALLEENTREGA (IDPRODUCTO, IDPROVEEDOR, IDENTREGA, FECHA) values (19, 1, 0, '138-10-22 1:36:29');

insert into DETALLEENTREGA (IDPRODUCTO, IDPROVEEDOR, IDENTREGA, FECHA) values (15, 10, 8, '539-1-23 5:4:43');

insert into DETALLEENTREGA (IDPRODUCTO, IDPROVEEDOR, IDENTREGA, FECHA) values (7, 19, 4, '1789-6-7 13:39:37');

insert into DETALLEENTREGA (IDPRODUCTO, IDPROVEEDOR, IDENTREGA, FECHA) values (14, 4, 14, '1107-4-1 8:44:49');

insert into DETALLEENTREGA (IDPRODUCTO, IDPROVEEDOR, IDENTREGA, FECHA) values (6, 6, 2, '839-1-5 7:18:13');

insert into DETALLEENTREGA (IDPRODUCTO, IDPROVEEDOR, IDENTREGA, FECHA) values (16, 17, 19, '1443-7-21 11:32:59');

insert into DETALLEENTREGA (IDPRODUCTO, IDPROVEEDOR, IDENTREGA, FECHA) values (0, 18, 3, '1312-1-10 10:27:33');

insert into DETALLEENTREGA (IDPRODUCTO, IDPROVEEDOR, IDENTREGA, FECHA) values (9, 9, 11, '706-3-1 6:36:2');

insert into DETALLEENTREGA (IDPRODUCTO, IDPROVEEDOR, IDENTREGA, FECHA) values (11, 11, 1, '1925-4-25 14:27:19');

insert into DESCUENTO (IDDESCUENTO, IDPRODUCTO, NOMBREDES, PORSENTAJE) values (17, 7, 'IJ6E6JSUTMR9K1HQ2DHNKO2LS9HYRILH', 16);

insert into DESCUENTO (IDDESCUENTO, IDPRODUCTO, NOMBREDES, PORSENTAJE) values (5, 9, 'WJ DWH5O0BB NQRN27YENKMGPIV4PYGW', 15);

insert into DESCUENTO (IDDESCUENTO, IDPRODUCTO, NOMBREDES, PORSENTAJE) values (6, 6, '45RC2VU6T7NIQYS9NYHL  HVSPQN60 3', 6);

insert into DESCUENTO (IDDESCUENTO, IDPRODUCTO, NOMBREDES, PORSENTAJE) values (11, 2, '03IIB19K 5BK184DT AKO1HFHUDXBKOQ', 5);

insert into DESCUENTO (IDDESCUENTO, IDPRODUCTO, NOMBREDES, PORSENTAJE) values (15, 1, 'O8SH3WSVK8C6MV9MSQ77IJLOH4MPY63F', 13);

insert into DESCUENTO (IDDESCUENTO, IDPRODUCTO, NOMBREDES, PORSENTAJE) values (3, 14, 'JPN9K2U3XOAV8QRK5VLO3WO0SSS7U4SP', 11);

insert into DESCUENTO (IDDESCUENTO, IDPRODUCTO, NOMBREDES, PORSENTAJE) values (0, 12, '9NP9SUX2OVCIFD8QO6CMT8SQNAS0D7D0', 18);

insert into DESCUENTO (IDDESCUENTO, IDPRODUCTO, NOMBREDES, PORSENTAJE) values (16, 7, 'TG5BI3HKPB3FJ0AGHKT2U9V5LA15T1IO', 7);

insert into DESCUENTO (IDDESCUENTO, IDPRODUCTO, NOMBREDES, PORSENTAJE) values (1, 13, 'GOLO9G2C8QRBRIL2 7 F5F CHIH 7RTX', 17);

insert into DESCUENTO (IDDESCUENTO, IDPRODUCTO, NOMBREDES, PORSENTAJE) values (19, 9, 'N AYG36XPX19YDTPSBAKEQ8EFWLDB82Y', 2);

insert into DESCUENTO (IDDESCUENTO, IDPRODUCTO, NOMBREDES, PORSENTAJE) values (10, 14, '96X74YGUWY6USSNIWBRP6YN8SIDJP0XR', 4);

insert into DESCUENTO (IDDESCUENTO, IDPRODUCTO, NOMBREDES, PORSENTAJE) values (13, 2, 'CBSU8KHITXYXSLWIHSXIQFEQ9ME3S66B', 1);

insert into DESCUENTO (IDDESCUENTO, IDPRODUCTO, NOMBREDES, PORSENTAJE) values (14, 7, '9HPSF3X8R7NW6ABK3FV256MNSLO2PMMJ', 9);

insert into DESCUENTO (IDDESCUENTO, IDPRODUCTO, NOMBREDES, PORSENTAJE) values (12, 18, 'O1 87GG7C74G00PJI64S9XJOL VXBR34', 14);

insert into DESCUENTO (IDDESCUENTO, IDPRODUCTO, NOMBREDES, PORSENTAJE) values (9, 8, 'IFGWS4SLFLQQ2KW5R1VLR0DD7I3IERFT', 8);

insert into DESCUENTO (IDDESCUENTO, IDPRODUCTO, NOMBREDES, PORSENTAJE) values (7, 3, ' 9KU89ME75EC ES098QQ0ED7F0 1FEJ6', 12);

insert into DESCUENTO (IDDESCUENTO, IDPRODUCTO, NOMBREDES, PORSENTAJE) values (18, 3, 'LB7JAQRK2SJ63NAOL2YW8RTLBIS8N4BP', 0);

insert into DESCUENTO (IDDESCUENTO, IDPRODUCTO, NOMBREDES, PORSENTAJE) values (8, 6, '2ITVL00YRM4NL2ALO466EE0U877431QT', 19);

insert into DESCUENTO (IDDESCUENTO, IDPRODUCTO, NOMBREDES, PORSENTAJE) values (4, 16, 'I F5I77A9XMIF3S4Q0P29AC4TEH5NWRR', 10);

insert into DESCUENTO (IDDESCUENTO, IDPRODUCTO, NOMBREDES, PORSENTAJE) values (2, 7, 'FITM FHHOB 23WKP C9BIUXLY7T61EWY', 3);

