insert into CATEGORIA (IDCATEGORI, CATEGORIA) values (1, '6Y43I1FEA3PY2E6LJIQEKSIOC07VR5WE');

insert into CATEGORIA (IDCATEGORI, CATEGORIA) values (14, '4O1DPQFMEDDDC1BB2XXMK643S3LJW7NC');

insert into CATEGORIA (IDCATEGORI, CATEGORIA) values (10, 'JT44SPIY5CVJP90V8 TCHE70 DJGVAX ');

insert into CATEGORIA (IDCATEGORI, CATEGORIA) values (17, '6EDEXW39DUUMX 1C5IX33I0 KYPOKTQJ');

insert into CATEGORIA (IDCATEGORI, CATEGORIA) values (6, 'J6Y5GD8SMG3O45O4Q2X8FLAV0RV99CKP');

insert into CATEGORIA (IDCATEGORI, CATEGORIA) values (0, 'XJ 73DG3A9CONWO4NVG4S0D1M8T3GMII');

insert into CATEGORIA (IDCATEGORI, CATEGORIA) values (3, 'EGLDR9T9H4DH5LFKCS5XR839DJC XI6G');

insert into CATEGORIA (IDCATEGORI, CATEGORIA) values (16, 'UO0BPNXQ6H1VJNQ44BRS8WTM3GBPR3OC');

insert into CATEGORIA (IDCATEGORI, CATEGORIA) values (4, 'VIFKF7WB1I7I2Q0VXM0SCQGPEGKUAIOJ');

insert into CATEGORIA (IDCATEGORI, CATEGORIA) values (5, 'WY4OQSGBK Q 7K7BNKOSKQEHNO1Y56CN');

insert into CATEGORIA (IDCATEGORI, CATEGORIA) values (12, '4ND0PERD1BJSP3QBTKJPK NA1UMI9KES');

insert into CATEGORIA (IDCATEGORI, CATEGORIA) values (9, 'JYIUP9JKIMLCNFL7UTG8EQPVGGBTSC4H');

insert into CATEGORIA (IDCATEGORI, CATEGORIA) values (11, 'VSVFCO1BROVXCSAMU391ADJHOI459CAM');

insert into CATEGORIA (IDCATEGORI, CATEGORIA) values (7, 'PTTTK42KHWDRGLWPSVWPUHRM5T1PEJ6H');

insert into CATEGORIA (IDCATEGORI, CATEGORIA) values (19, 'GJPQ0SKR9HGLDKKR9NVRRX3V9XV7MP0M');

insert into CATEGORIA (IDCATEGORI, CATEGORIA) values (2, '1CGG7GKGFL7QCAULSCJQ4I8F7YCWYMYU');

insert into CATEGORIA (IDCATEGORI, CATEGORIA) values (8, '4YLEL4WYV38THVHIM328T7JV4UQ7BBKT');

insert into CATEGORIA (IDCATEGORI, CATEGORIA) values (13, 'RI05LSVMPW1HV9Y58USBY22C0WIU0BNB');

insert into CATEGORIA (IDCATEGORI, CATEGORIA) values (18, 'SSL9VLA7TL6EXHFJS85 TCEBOYBDK8KM');

insert into CATEGORIA (IDCATEGORI, CATEGORIA) values (15, 'S9B4EVIYUC63CQG3AGN21FONOLN9SV6A');

insert into CONSUMIBLE (IDCONSUMIBLES, NOMBREPRODUCTO, DESCRIPCION) values (17, 'NHBBCDCAG9UMJWBKTLQ2OYI5SEPX1TAP', 'GWXDW56GHNN43WY GJ8WDIXDPNWO36N2EW1XN3NTJKLR83RHFHENOEMKTUQOCKCHOP3MBA77O0XIHTGUY9KVY EG4U7JIOGW61935AG2RGH4SIXQ9DGP5TL5EG7 OJ37J6R NUJ7K029BTK8F0T6CP6894JN6EWP56UPMR4XIILJMHAT8 E81LIO2Y63MK327OTP43EUXC FFGKE9R0OWLLT0R Q KEDQ  9J 32TM6DSUD9VIHBYXWE0X0YE20');

insert into CONSUMIBLE (IDCONSUMIBLES, NOMBREPRODUCTO, DESCRIPCION) values (6, 'NVRI9J22R1D1WQCWOMK6 RX17K8 NMCA', '5F2OLHTH1155M1U7390PSH0GNTK6 CVS8WJBRW0BN79YEUW5 BQJN1FU5VEJ0M  0EP9U 8Y6P3LU1JSHRRXCGV5UJT628JH53G0Q8B8CPC6 UI6H3UTAV9Y5TX56ISNRUG08D6J76ESPPN0BLG8RPKFWLDL728DFBVR4HYSAUAKWC FPCM5WM198HJOXRG41YNT0VWGI8OO9TP6S53NVL0NUVGK1S7UX0DQH6FG5N BHE5F4MATMUXCO TH5JF');

insert into CONSUMIBLE (IDCONSUMIBLES, NOMBREPRODUCTO, DESCRIPCION) values (19, 'Q6LT1GBYN6QKBOD6QU8MJSKJYA0J5KDH', '1WH73Y94C 56Q2PT0O77Q3YJM7SXNSS5Q152JSAR53MW7JLD7Q1KK2QLA81SECJNJXLGR9Q6G2PH 77KT54PI982O182 519IJ6KEKBGCSTXFDYF706ORCU4N7Q1SEWK99098Q2SGM5UV7K1BXQ5JT80MUMN6AY9 T20 S9JYCQJPT1PIW4E43C7JERJJTC5CG  FLI7J4BWD6MTS9EHUKC9TPU0BWHBKP9 FYMIGHFLB6W LVFY GSXH19XYG1');

insert into CONSUMIBLE (IDCONSUMIBLES, NOMBREPRODUCTO, DESCRIPCION) values (10, '52972CNHWIHPAERMNNOTDBSRSTL38W0Q', 'VFM6HSLS9FEEU NPY VX6YXG613AW 7166KRLE3DFSBEKX94MHW9351D0KYW6XTOOMDU36056BX9BOOL16YN9YRWOM4VOBUJ0480G2P1SDIOCTEQFNG40V OJCFSWRSF KROQ1KCQVL4IXVK638G7CGK5E8 3W1GJD1 P4SLL78SDOEBR5J6GYWT6Y8L4DV SFFVQBJM6BTR4Q9HX1YM 6WUHPJJHUHP 9U4XPUIEP5SLRLWGHKYPOXF1WNHC2Y');

insert into CONSUMIBLE (IDCONSUMIBLES, NOMBREPRODUCTO, DESCRIPCION) values (8, 'US7IYK7J3M8 NMDTS6W5PTID30L3UYET', 'LU6FM6LAG3MATEXK2FQ65VEA TAEA6SITS4LG7PYU7G1I646FUQQXJAENAAV16FU6RF6ELQS CAN8FLBKY62XQQGX U7XVN6YBSCB 1XQAYS06ET55BRP6U9H0S15VXL5LY4C5KXNJB58L9YLFEB2QB3S60 7 3KKFOGY0OQ46B8I1CE3EP21EAM5XFIV3O TAT5UPEOB UHR1CAMDJC0DKWLC017CM59C400H7L5EWA69J3YD9DMYCFY6QUIYG');

insert into CONSUMIBLE (IDCONSUMIBLES, NOMBREPRODUCTO, DESCRIPCION) values (18, 'N8WKKPMEJQLRIBNTC4WS4X4D6ENW9A80', 'Q1DJNQP3MDHHV9JQPM 88SOF1VVL6GA8W3TWNK NCH LEQT6GXHWXQ452OHN4W J35S6HE0YRRABYM8S10TPEW5D5LQ Q1OGAO2AIAOM99HQIA3VLRL3I2NGFK PWB9NR 291P1SMU9YYBVENT0LXATCECAXHHSAA3U38A8634 52L4R4M1PCXUGYFDT8KE2 U6U60MY9IOHK9NYCG619I6RF5JMSVH8DWELW5RV58070SBH39O660FTJJTIP H');

insert into CONSUMIBLE (IDCONSUMIBLES, NOMBREPRODUCTO, DESCRIPCION) values (11, '3 V15E3SEO7B9MI17YOXEDK407FQYJOX', 'KFNKGA78877BJYV9CHWEQGJAMFHUSGR2BI8FL60WT88LSRKN54WWEBKORLM QDD2DDNA58NP HTI7S4XYYMCVYUNB0E5OR7F16N7D5ITKL9B7A3KFB7KTGDD 101 S089IRSGF8H MP13BEBO1K22SG9UEGW1KQTFC9FPHQ46108B 30F9F0CVNSN9HO81PLH292FPAELOT6B7NOVM87IGUNM6M 25G4YHMDXBC08ULUITQHS293DA5OI592YOS');

insert into CONSUMIBLE (IDCONSUMIBLES, NOMBREPRODUCTO, DESCRIPCION) values (7, 'IBOJ4IBTL RVJREC5OCKP3CHE9NQRLHM', '6TR0LKGPVM6JRGMBPG0JUU 0ULKGUHCVNNJUQS8E2TRO8M9NVNAX7U04BQ65W5R2LITCD KUTE4S3MABLR4 NATGD86 FJG2810ISLDLHH4EX062ON3475QAG06FB9UTXCX4W5FKLQ2XYEC22Q8IOG058G7Q3YAL73UQ95D VBOF0H2OUX03F8RWEJMV A1VRJDN45V94Y2VMXJJAP8LKJ1MXQ9PUY7IEDJ1DQD7DWQW GVMT35JRHTPV1DR4PU');

insert into CONSUMIBLE (IDCONSUMIBLES, NOMBREPRODUCTO, DESCRIPCION) values (16, '13WJA2K0SU0JB5DYO2 PE6FOX30YQFXJ', 'J5VTSKIBTSWM0XT150MF7F7XUH0KF1AYD5U2KV5 DN92HYR MKB4NJU5Y6OVVDIEMPMIU6ALJGVSA64ITETPRUL5AGPQYM6W891UW0NB5T1YAFQDUJ706NPID160GX57EGI6PH 5CJO325H6076DA EQ0TSYT1BUN3YX3H20LJ850G9HYPWFAG 68RQ7AFMCP1U0NGOSLYOJ950PLL4A7ES5G3QU 6 3OG4PRKO7D H0RLO85I1GQS4VA41CO2E');

insert into CONSUMIBLE (IDCONSUMIBLES, NOMBREPRODUCTO, DESCRIPCION) values (15, '6D107M6F1BCQOFHQ30DMKKT36F4IVPW0', 'EVICRKLWX51OP9Y9B2AHUH8EFMBFL0IVGWOJ70 9JKQT88XT33WRPP10UQC9UEJGENGAMSUPGEQ LYWENBHPTK3F210DUYW79BLPVEY43TYT6JX2Y0BP9Y13VB85NO 9YDYFB4PLP7FFRSR XSVNKH3I1N6HRATRBJKNO082I8BJLCP9BJR PM697C1V4C3U3UL13W7MLW C8MU4UFPO MUUW B8036PXLDV4G1CYGXLQTSR3VN85HBXKIJ46N1');

insert into CONSUMIBLE (IDCONSUMIBLES, NOMBREPRODUCTO, DESCRIPCION) values (14, 'RPHUKD2SB1PTPB4SU75ID0X4KJ4H 6B8', 'MEEFVO0SDHETKJVXFKMNPD0G3L1HJQUDTX2DD4S5S0KG1FK8FPPYM6QS081038CILXS168RGT91TDPFD0SDX3K1IEOA6VLLDAM EN6NQOT70FYSLL374RW2HYYQ6I7RN98CJPJ OK9QDM9PWHQ27RYQ6F3PE5RUKVUWRRA2LR0IAV33W4Q23SXQQN SCJHM5KFWHRS0HLFSDM9LUX1MR2DJ0DEUPVWNXSVWB6VOYEQ2DW3NPDIGDBBEFI2 9W 8');

insert into CONSUMIBLE (IDCONSUMIBLES, NOMBREPRODUCTO, DESCRIPCION) values (2, 'NLOXMS2Q2JSIFN27Q3GY6OGFG1203R3A', '600Q 1PQBI34778I0YXI8V5E5WKN2X4ITRJIDXXKICK1YLR426X2VJOBXGGK8S4DEL2NKVIE5B43SO7BPN2NVM4S744N1T5H615TRIXAJVN 4KENIXV210463WW8 VTB0Q7 CYXXJJXKHVPGPNOGC5OOAR0TNF32GBJDUXTXQTN2KTSV4GT5VX879RN9SEFSOGFIWL6ME9DW74RSA1FVVUMJ0 TND9MAJU07EP34EFNVF 6XF3OISW34BHGEF1X');

insert into CONSUMIBLE (IDCONSUMIBLES, NOMBREPRODUCTO, DESCRIPCION) values (3, 'GGP9LBXAKHTF9BSSRWWCV6WQYY7MS Y3', '5K8CJBJ B9 U C8XRBFIB6MAAHFG588XPWCDVSVQX7JAKB4DIHQWSR3B4LXLV6YO3C0 V50KD3R76SI881WMQFVLFB9ISSTLAF2YHUV6XFEPQESNQTQF883 W0KSFSWLY7BYUHTNLD5TCXT6MA3YKDFTXM5XL0XVLJPKJVSF7RTIHB2SAIWPG62QPVABBI23HT399X7FC36LVOGUUB25Q6PT80A80G1CN6HH3Q3XDI3UH7I393LON1ML91HWB54');

insert into CONSUMIBLE (IDCONSUMIBLES, NOMBREPRODUCTO, DESCRIPCION) values (13, 'MCOR1NXTP821XFCMRH43O8C6WYTTWG81', '3XDUJEJXNGREWLD9QAYHHOLLYBLAF3337 R6LRQSOIC BSP8CDMQRJSX7QX4TLY9 4HJS3W9I9CTLXYIWTIEKBRH2M E BHI3L8 5KQE47JU23 RTQNLWAULOVCKSYO7OBENLM3XRLC02PT3VWRFM2G8I497YNNA71 N 10Y8ITEQGN69 72JJ6SKUOS3NM5L9Q51TP7MTP17AT9ND0OCWT84A3WSL2T5BYDF9GXH2E FIU30AVHMJ93YFR5HDJ');

insert into CONSUMIBLE (IDCONSUMIBLES, NOMBREPRODUCTO, DESCRIPCION) values (9, '9XQ8PLV8ARTTH69B9DSF QBAYC6XM0RW', 'SMAOJO SVSQYDCLEWTO2RW7LE82K6J5S34 KWASDCVY2DSD9IUBNQLX1OIS0M7EOB63XRLWY6HP24FXEADP8R0Y 2QYA6OUBJR1QGVPKQTQ0UXO 20745EVY69O8K0GUF61NBAWAVGKJRS89AUUAAUJO6WVCJ7LN481WR IE2CH 7GJOTBKCLF3 QU9TX5T9B1TH7WSC8WMCEBTU6A0JG3XW2NBEHM C96Y 3YAOVWU8QJKHB1MTEORKYBAM3D7');

insert into CONSUMIBLE (IDCONSUMIBLES, NOMBREPRODUCTO, DESCRIPCION) values (1, 'EL3ER43QUOB16YNTNRKJKQX0I3M8DMWT', 'QONRNVYV7 JRYJDKJS8LSVYJBNA7JNYYEWSDE4LMR5GVH8SW2N  NFKJN BY 1XVIQENTBIYGFMBE8UV9HQICM3A6AN2D7O CIP9228IHFG4 0C4IEESD11MPGWYS4KKD59P405B6BT3414KD194YBQN6W4T0TT46127FQNK4PXRFTTEJL2P03IPPIPJFAKIK5KR9XXT VEG4Y12TSWD01KHITIX2NUTFXK6E96TKIAA4 BB8VAV4XYY2SSFOYN');

insert into CONSUMIBLE (IDCONSUMIBLES, NOMBREPRODUCTO, DESCRIPCION) values (5, 'RCXWKCGYOC XKC5H1H7HEGUOTUIYTDID', 'GVEA1EJFPWW17WJ16XK6N8GQAW 6CNDS234CQEGNU3TJVQAI 88VYRES1RFRS 13NJ5SD8TPUIM0QFUYBNP4UXLY JQ KD55EQ21VDHCNL641J H2QB14IVY681QD6XMUD1  XAAIXU U7F5CB 8DX3FY409KDMXSBPU5P44UCK2X9XWNC5N C7W0HS9CLKHAMABO4WAHQS8V7AKMVRL3I2U7U4UQ70LPEIFLCK9H7IS35CVC7BWPVPKQWAHH5C');

insert into CONSUMIBLE (IDCONSUMIBLES, NOMBREPRODUCTO, DESCRIPCION) values (12, 'VVG8QKDYVO5NJ X4D1F9T862UV840K1J', 'GP1LNQ1394 8FOW I1PUQGH4D3G1340X77 DWPPJK2H09MX30AYWNX4AE1HO Y57TDW6FWCX979ESLBKVXOKNC5BPM42U4FL7PLTXIPBEQ0K 3UEH3QG5TNAA4OLUHHJ8 0OJH6TV2N43FWK277QW5BA15K4GQJMN98QPJTKI 57WMM3VW8350HJQMF5NAHB1TKCD89R4HQLIJO1Y66PIS852O MSFX7 BFKVUWKAVPGHTHGBAJC0O7ENR70J32');

insert into CONSUMIBLE (IDCONSUMIBLES, NOMBREPRODUCTO, DESCRIPCION) values (4, '1G0V88R7CB787RNVBL1SEMOCC47R7MFQ', 'VYMEVWGQ8LRLLSS3IWSY91NQH L3E44R 9W7BKXE0H 0AQP7AGFA9FHUQH6XB33K67MQFGW98CPTE4H60RCHQHN4EGU3VDBM6YI2DHS95FCW83W VFVOHRIXW534OD TNLKDQ T17YNGQ9HD3YQ5YD57IPUOWV NE341PR WQ KPBJIL TTB1RHKQ46O80086CQK W1R5HD4WE3OTCCS8R39XEJ2WFKEU58MS1J7XEM80K38XSTCIPH8LBM2N3V');

insert into CONSUMIBLE (IDCONSUMIBLES, NOMBREPRODUCTO, DESCRIPCION) values (0, 'C4U59X3JQJML OIDE VTY8I1W7VRX46P', 'M77T2V4TJJH6VM96LPB0UE7V37PDYQF0054UVII NII5UC3ROIY0E D81C72907SDMG25K0X4C1XA7323SQ47SPD ID9KSOT4IKG9DTC5ON6DTN340G0N 2THBORP GGCUS9MTINM2PUGCLLOMYK97S REJNLYKWTLE1UB4336L84G55C7W QNJYOE7BCOF3WTJMOS1QQOJT C 4C9WPW HMQ WF8MXSPK733Q2CF9PEWR4KJEFHRH4Q3WQYNR8');

insert into ROL (IDROL, ROL) values (7, 'A32 UXEP7GCO15J HSC OSXGL0UV2CHF');

insert into ROL (IDROL, ROL) values (12, '6C68H7UAC3CU1OODRLH6BE8L98GTLIUJ');

insert into ROL (IDROL, ROL) values (8, '4UI8NFQ8WM0K55XM63IQXB3JB5NCEUVE');

insert into ROL (IDROL, ROL) values (1, 'N5F595WHIIF310AULQC6152U9FGL9AWA');

insert into ROL (IDROL, ROL) values (5, '3LBXIYM9KRLJJRCJRNW HL8HDIYO6 QX');

insert into ROL (IDROL, ROL) values (10, 'K3OJVOTB74LXW69L6K4IEI7VQG6JH8SG');

insert into ROL (IDROL, ROL) values (19, 'X9YS58SPF J6I2ME4Y037Y4T6YB2SHYE');

insert into ROL (IDROL, ROL) values (0, 'VBNECSIYXEL55HMNNUKVK4PIBDH2 BNN');

insert into ROL (IDROL, ROL) values (9, 'U5B1TKFX90VJULYGK VYHB4LMQV87IVM');

insert into ROL (IDROL, ROL) values (15, '3DH951H0Q8M1WSVEJS0C63417PQ5WY4 ');

insert into ROL (IDROL, ROL) values (11, 'L6SH9Q7WE016VH5FY93Y530B3N8BTRFX');

insert into ROL (IDROL, ROL) values (16, '4GU3AENP41FFNE1W 48KA4K80JQ6X5C1');

insert into ROL (IDROL, ROL) values (3, 'BOBCPYC KM16DAFJLQMXM551I0I1KHY7');

insert into ROL (IDROL, ROL) values (2, 'H3WF9FGN4R8NH5NJJ3IOKBLDVEV59CXV');

insert into ROL (IDROL, ROL) values (14, 'SJAEX1J312C2O2LICW3BQWC99M9LWDES');

insert into ROL (IDROL, ROL) values (17, '4GA915U09TRIYDODBFNA3BA7HB0GKG15');

insert into ROL (IDROL, ROL) values (18, '62OV58 MLYWYLGVJJQHYV7W28RMNQM2I');

insert into ROL (IDROL, ROL) values (6, '99MC0H NXP08UN4YLXRC MNYKOPGR67G');

insert into ROL (IDROL, ROL) values (4, 'F13VT6G9NJMTC4 CDRAUD2D6ATEL7856');

insert into ROL (IDROL, ROL) values (13, 'P3SA2B62NY3TTB Q5W7GO34WKCT9BG 5');

insert into DESCUENTO (IDDESCUENTO, NOMBREDES, PORSENTAJE) values (10, 'CP41 UERY46ECVTS46QL3KX6MFBFXQC7', 1);

insert into DESCUENTO (IDDESCUENTO, NOMBREDES, PORSENTAJE) values (15, '3WQ 6M  1D1K5IAAPEU6RYIRBPIJ9PYW', 15);

insert into DESCUENTO (IDDESCUENTO, NOMBREDES, PORSENTAJE) values (8, '9LKX25HINLEEOK9UM QVSQBI4TLNHBJS', 5);

insert into DESCUENTO (IDDESCUENTO, NOMBREDES, PORSENTAJE) values (11, 'NP6NL0MN5YUA323I0ODYRIRF9B82U4T1', 4);

insert into DESCUENTO (IDDESCUENTO, NOMBREDES, PORSENTAJE) values (0, 'RS1TWUI4NB1IQ1RPVXSKH2RWSE33VSXB', 3);

insert into DESCUENTO (IDDESCUENTO, NOMBREDES, PORSENTAJE) values (5, ' 4Q2HJX038NA9SP9XQ2R2BSSIWUTD5NN', 9);

insert into DESCUENTO (IDDESCUENTO, NOMBREDES, PORSENTAJE) values (7, 'FKTV332V5VEONQYGNVBGWCWAYB8CE87J', 11);

insert into DESCUENTO (IDDESCUENTO, NOMBREDES, PORSENTAJE) values (17, 'YNXMRMPLA22Q4F0WDOMKNEM1JU1LC5GR', 8);

insert into DESCUENTO (IDDESCUENTO, NOMBREDES, PORSENTAJE) values (3, 'ALOOSH7JRBEC5LYO567SAV01DA2GU8PM', 18);

insert into DESCUENTO (IDDESCUENTO, NOMBREDES, PORSENTAJE) values (1, 'WAS7R4BGMR8CK4D8T37U0AOSD33OUXST', 16);

insert into DESCUENTO (IDDESCUENTO, NOMBREDES, PORSENTAJE) values (16, '06YDK6HGO6DFE3EH2QWBDDQ4AF  KV4D', 17);

insert into DESCUENTO (IDDESCUENTO, NOMBREDES, PORSENTAJE) values (2, 'NHW7DGK3H1PA1NPN93HN5 W9K2OXGUMS', 14);

insert into DESCUENTO (IDDESCUENTO, NOMBREDES, PORSENTAJE) values (14, 'N1ELLU0CHI5E26GGLUAAF5BWIG10BQQX', 19);

insert into DESCUENTO (IDDESCUENTO, NOMBREDES, PORSENTAJE) values (9, 'JA9GYHSJTAM8G5E 3BMHK0Q25O1N7OG4', 2);

insert into DESCUENTO (IDDESCUENTO, NOMBREDES, PORSENTAJE) values (4, 'RDBHGMCIEU35DAQPIFTF6XEAAJO4GWB2', 13);

insert into DESCUENTO (IDDESCUENTO, NOMBREDES, PORSENTAJE) values (6, 'F4GCDMRDY9KFADAKDU9A8E4DLDXNOSCU', 6);

insert into DESCUENTO (IDDESCUENTO, NOMBREDES, PORSENTAJE) values (19, 'HYIMA4KQ1926YFDU UD1W07OFBVCRX4Y', 7);

insert into DESCUENTO (IDDESCUENTO, NOMBREDES, PORSENTAJE) values (18, 'M0GR0SUKV8NIFIT8HBLMNMIV 2K8V0RD', 12);

insert into DESCUENTO (IDDESCUENTO, NOMBREDES, PORSENTAJE) values (12, 'D096OI8AJAED1 0XQWEUA6G06049IXXD', 0);

insert into DESCUENTO (IDDESCUENTO, NOMBREDES, PORSENTAJE) values (13, ' FV3PBUPX2GOC9UDET9GUQWOS6N8EOQP', 10);

insert into USUARIO (IDUSUARIO, IDROL, CEDULA, NOMBREU, APELLIDOU, CONTRASENA, CORREO, ESTADO) values (19, 7, 'A ET4WAGR5', '3R3QPYC92794M VK8DDUUPR5NTM5PX8G', 'GQJLOB H4RVPI4QFFALH460O7H4B894K', 'EJWTOID1MO9K 2NK984VR1NRH44XPI5 ', 'OD9MDGPCF4L2Y9R9TRUQ0TFOTUD9K91TX3TL9B0TPIGS1OE6 8TC6AB0F0D4EUWVA5920F  YE8A8E7I32RYR 30G35U9MAU6JXC', 17);

insert into USUARIO (IDUSUARIO, IDROL, CEDULA, NOMBREU, APELLIDOU, CONTRASENA, CORREO, ESTADO) values (2, 6, '720SQTA05D', 'KQRGRR2KKC4MNHCMXXK4VQML1GLOUH1O', '3ELNASVVKIN7DMK7FLN50D0U5DKN98L5', '29HE333A9EC811Y9JSC3T799K23PFBFE', '0SX2 U46XI2XILYUCHD00 FI5TV4UV6K1IQM8HE0SBCFBRT4QFAS05Y2DSSF7GFU1VVL2OA7Q9 IE5PU3QKI5SHFJ1QX3716BB9F', 19);

insert into USUARIO (IDUSUARIO, IDROL, CEDULA, NOMBREU, APELLIDOU, CONTRASENA, CORREO, ESTADO) values (12, 8, 'FJP01DPUK4', '5QHJ4NPISFWBI50UXH3MOY7WLBP9E96A', 'JXB7QMRODA4K2ECXA7Y92M3PP58RG1F0', 'B91HA4B871A0W4GVKNM3URTUVQHEQI4O', 'KE44 XH1F32XUDDTXOVDG9Y71QHFDEEVM98 13S8SHE9NJIOKAYNAA68CA9F3VA6TKY PNFURW6KII8H5QMTG3PD6TUWLNHVNAP5', 2);

insert into USUARIO (IDUSUARIO, IDROL, CEDULA, NOMBREU, APELLIDOU, CONTRASENA, CORREO, ESTADO) values (14, 19, '75LF8Y OE ', 'BGFTGQ5RY2Y9A6M7DTTXUTFOOLM5R6WT', 'Y2H8D45PDT9 8QFRS20IIIU1V3F2VTJR', 'LEDODD5WO86T115PHQK8WQCHSEO3HPPM', '0OHWCLXIOTD1GTSFNTDEDUUF9T31B1XHACJWAG8PO19L5YDVWQIJNNRKQIO2S12U73PR62NLC0SQK9CIED1DG19Q16ESV9L0NFMR', 9);

insert into USUARIO (IDUSUARIO, IDROL, CEDULA, NOMBREU, APELLIDOU, CONTRASENA, CORREO, ESTADO) values (4, 14, 'EHPE99UHK4', 'VS8JATAXJ17YQDYOQU6YTF4IWOI14YIM', 'QVE4B5JOO0M3BK7R 9XXCBPIVQXECBSX', 'PMW4B7N63XN R8 4Q1CBVV13UIMDD4Q ', 'DLTJROCIWHRKQ9CW0MY9DAYE492NS1HL XDWC4VC3 L5Q8DJCJIEAKILV8 E3S0FXL1SPMU2UVYDI6M38NMAKTUD84 QCNEPWRHD', 8);

insert into USUARIO (IDUSUARIO, IDROL, CEDULA, NOMBREU, APELLIDOU, CONTRASENA, CORREO, ESTADO) values (0, 19, '57FNE89X9B', 'WQ3EUD0HB949G8T2QO53PLBU6151IVA0', 'MGVNFCH8PWBUIJ3W8081CVAOAN4WH05X', 'P0JCVNYY82V94S 9 RMJCI F PQ4UPPD', 'UK9YQTX4F63TBI1 A2674GN2KSHFC9IMYKNN 9MA6HAAW7JGUFCY7FMQ1JJWKKUGJB36P69NQHCL6MVKU8NVYVMWDCFTJVBPEQ62', 14);

insert into USUARIO (IDUSUARIO, IDROL, CEDULA, NOMBREU, APELLIDOU, CONTRASENA, CORREO, ESTADO) values (1, 1, 'X7DSJP5HE ', 'RGRF7FBTCVPIUV16BK83GPW PDQNMVL6', 'K380EVJU4QWPUWL14N2Q3R61VOV9NYK4', 'VUQ7KFAY3WJRYG8769MJROE6BP O4Y6C', 'Q9YU9QT506W29YYLMDAPGVHE4XS3MU04QU HCWVS51GOA6O981F8FVL5W839ITAO3 L1RV4T30F FPQALPSCQA908V6QQ25D192W', 3);

insert into USUARIO (IDUSUARIO, IDROL, CEDULA, NOMBREU, APELLIDOU, CONTRASENA, CORREO, ESTADO) values (6, 17, 'X6ES9EA7LL', '3BG47T4AX2FD14HMTXF5SVV8 H1Q1NU8', 'UBESPMC VVKI2J5 MQ3BY8 YSRKH0W3O', 'UKF1OUTTYQW1VKS0L13CA1IYCFVU85SD', 'KPUU2HRFFGJLAV5Y27DEBNX 71CBI1QD4IOY5LDGCJ4HOOCRGXG11 CB4G5 A8WN3NYM639DJ5 NXWAG6SJ56YF0X3ABXI TELFQ', 0);

insert into USUARIO (IDUSUARIO, IDROL, CEDULA, NOMBREU, APELLIDOU, CONTRASENA, CORREO, ESTADO) values (15, 3, 'B2P3PQKAY1', 'UR DGWH1Q9DYYE1 RBBT7UBQQCFN3EE7', '0NR0K6IY8U GR3BEUYGG02CQEY50J9QS', 'JQ5KBXR3G2R1A8SJRQACWYJAQYFQX44S', 'REGDLR66  TLSF698A69EY3MR5EY70FJ9J KFVAKJ2WM4IGEGDO3L6GKV2KX1OTSWAX 87ES3WGXBX YWB0IS1PB4V KNJYJL0DJ', 15);

insert into USUARIO (IDUSUARIO, IDROL, CEDULA, NOMBREU, APELLIDOU, CONTRASENA, CORREO, ESTADO) values (17, 16, 'JQ074F18B7', '5GOFCRG8N04SCUNQ1HY41 9K03Q2V4Q0', 'UWA20OP1PBB68RMWA6XB7V LDL4NY4JH', '24YXACD9GKC4D3CMH61EDESLIJ7VTEVV', 'GN65XXISRQWPGRAEN0QE8S4N2RRA3RG4T7SC363F63WVQ4OJ N1PLQKSMJP X6EFC3YKFE7WHD835FDM SJMIATIYDRWEOC4DMVB', 13);

insert into USUARIO (IDUSUARIO, IDROL, CEDULA, NOMBREU, APELLIDOU, CONTRASENA, CORREO, ESTADO) values (13, 14, 'X15C6EO99M', 'K7D 152WT1QSO698P80FADSP41B48EBH', 'J0FST NC24BRMEO QDPE7RLKM1GOR6NP', 'WKFNAF0P2 J23JNYUCOQ70K50JBA97QT', 'K0Y7 1KDVAK849RVXNJBXRFSL7JQHACJW0H96T83W4JX37QMNOCJPIQSCH9RIQNMM4WVUG05 UJ2WT0F9XVFRH9EASTKMSMBOQES', 4);

insert into USUARIO (IDUSUARIO, IDROL, CEDULA, NOMBREU, APELLIDOU, CONTRASENA, CORREO, ESTADO) values (8, 7, 'UM661DFNLJ', 'U9RH6MARAFSQG9T5CSCRL4SDS80W7 3F', 'TYH6HEHXP7X87UVS8OLJTP10OM2DWFMB', 'T5MPQ4XNQCO 8LX67C1 Q467QHECDDFN', 'S27DU2JA6RNI8WEUAGK72O1WK3KR3COF3PCHJK6QDHWLHSCCY56W2AIAM7KS2CB DJP4OJAYLYCM1A12G0BVD829CUK U544FAKX', 7);

insert into USUARIO (IDUSUARIO, IDROL, CEDULA, NOMBREU, APELLIDOU, CONTRASENA, CORREO, ESTADO) values (5, 2, ' JKYALQH9R', 'CX84KBYDE6MV1JHXVXJQGT3Y3WLGMK99', 'YTWGGLS63JTX1XHJ9 DO9C5BLFGPA687', 'E17EKM1YGAALUM205PKMIMYPEVOR8S5C', 'QLCVEQJES U9AS EHF6QE6CCN8YJFQMT30S9NMF5C6418DQ7KGAFSJ69JQPWSX87UO6VFHLE6TAIDUKBNK 0QDVLBEAN7Y6VW50A', 11);

insert into USUARIO (IDUSUARIO, IDROL, CEDULA, NOMBREU, APELLIDOU, CONTRASENA, CORREO, ESTADO) values (9, 16, '2N14RNM24S', 'XBGR0F9A CPUD 4CY2UAV4PI21AUVWVW', 'B22SFE6D 75Y 66MSGLG1BBA 8GHN6PO', '676INQPT7X LKLFDWIUBCWSY7UVWH095', '5E39HKPM0F49HNS2TBSHLON9N4T WOV1GJK29MW8SIIWPAB2T7SMROQ1FW06B5EKDB5PBXB5MLCKLN6EVXA  5K82W8FE27638HD', 16);

insert into USUARIO (IDUSUARIO, IDROL, CEDULA, NOMBREU, APELLIDOU, CONTRASENA, CORREO, ESTADO) values (18, 19, '40CIFVDRKQ', 'LPTL77R0Q4P0IV5A8JE9FJ7HIH0O91WQ', 'H3YGR5V7OK4VOX011N0VCBQJAYJGYNM7', 'RYE675DS DR 85H8K9C8RRX2UTMMCH4R', '52I2ODUXAM1BCN817G6YDWD55NY55 TP490KGQP5QPK2VK2L6PMAGSY5DQDMCEVREEE5NM6PL4GQG5TYDL15QOYPOU5NSGVYT2A7', 6);

insert into USUARIO (IDUSUARIO, IDROL, CEDULA, NOMBREU, APELLIDOU, CONTRASENA, CORREO, ESTADO) values (10, 16, 'U2BQS 4OIE', 'MK58NJ20LVP7654HLVU0HB79J46 1RDX', 'EJ46GW17Q4IMH94OK7UE5NOKAORS1HM3', 'ERGT4CWOO3GF4UWP0JGIK08TDU2SGM T', 'D90JCOIA9Y0P4HJFVSXDE537SCO73EC3UWK08UHPUOPXHE9VSJX8OFY42CLQOA8 Q2MTBS6R 8H3B2F6RFKPF6M7IXH7U9O0UBK4', 1);

insert into USUARIO (IDUSUARIO, IDROL, CEDULA, NOMBREU, APELLIDOU, CONTRASENA, CORREO, ESTADO) values (3, 15, '5OB8LV63UK', 'KIXOJXULT5EOYCIN8SD64BC5J3O83F9N', '63J4G90T2HMLNWMC5XYT6CFTXLO0F6DN', 'MEIB5F44JOH19UGVE62PD3JT54UN8D2R', 'EBF7POI28T8WA7 NEJV3BPQPKGD7EIBG1W4OF7E5OM I6QUB1AOF0G9PPP5JTKASOM5OQ4D U5WFG0DDMVVOD4J3UJRTSJGIGAGP', 5);

insert into USUARIO (IDUSUARIO, IDROL, CEDULA, NOMBREU, APELLIDOU, CONTRASENA, CORREO, ESTADO) values (16, 11, 'A3LHW7ONCH', '8A2CVLQ0XL026PVEN4OYB1CB5N 775O ', 'ANUSCL1FTHAI35PSXSND  AJJ4D3JXK2', '7P8WR8YR2WR9FYVN52LSJ5TMS05WVDP0', 'K 4PPPCYJ78V8EG8ESJ7B02TBQAD9A023GXS0ANA2NQANLFEHPROA0W6QITJWQT1SBJ4CH7IXVNJJWRE78AMPW7HJHMLTCVRGMB1', 10);

insert into USUARIO (IDUSUARIO, IDROL, CEDULA, NOMBREU, APELLIDOU, CONTRASENA, CORREO, ESTADO) values (7, 14, 'XXQV8056JG', 'QU10IDGER29E 4T7JU0SQOXWC856ULQT', 'IA33LUHAD3VJK1LL8XSQVXK1OSHFGKWD', '8OS886A0 QQ 8N V0D128XXN7 PMD 7U', ' KFNBGAU9EICH OLAVV5LCRIBK9D3F182IQNR8IY RR9HM2HIMVM1YVQGE3R025TGVLC 5QXOFL2O22MOL749D413KGVU IDTXKF', 18);

insert into USUARIO (IDUSUARIO, IDROL, CEDULA, NOMBREU, APELLIDOU, CONTRASENA, CORREO, ESTADO) values (11, 1, 'PHWNIWAKUM', 'G9VX0RRUCJE485XHY65NT3SVCDOTB6J2', 'S7XGDNNMHF9AL9ICRMTY 4OE6A6R4M5K', '3IXDLC4CE8EJ13MAYAVDEVVAMRSCG6VG', '2BUA3D7MSBUQTVVVYT4MUFHHGSLSMK4JB09XQCPNVJ5 R7XY3K6341FA07CE2CWACN06WOAS736V6XGEX6YI41GVY7A 7HF21TLR', 12);

insert into SERVICIOS (IDSERVICIOS, IDCONSUMIBLES, NOMBRESERVICIO, NOMBRE, DESCRIPCION, PRECIO) values (12, 17, 'N9KAFLRFOOACDVSSH9TP3 OOVNMYC1MJKKC2WTAY1TG1C6XEBJL JY23 ENSJUT86AEKCEU01PON76TXSIC1E2SCFSOYWJUV3VNC', '5YDXI42N09B9MC166K GW15NW6DGBP12', 'XW944TGAP1XADL67CSY8K1 U0H7U0PMEVGCLTI3FLKQ0KD1OXSCURD8IBYWUMKC2OK210BIRFVPVCDFUHPGQQK84F3878 PNS7Y262KXI6DNOWSMHE019L738JCTLY2GQ3UFCXX77NG83LDMFNY3MV8MM ML0TJEY0V01I LXC2PNJ52T2LEN73FGVTQAE002JEVDU0M28IAX8XU79EKMUF QOWJSV6KM857XCYM47GC2K9J8Q8DHCMCDP3EEUG', 13);

insert into SERVICIOS (IDSERVICIOS, IDCONSUMIBLES, NOMBRESERVICIO, NOMBRE, DESCRIPCION, PRECIO) values (6, 6, 'JCN537LNN0GNGRJPMQUI4DBQW5 OT 6ELGL1LHW2TJJSS7U8L4 QWXFWBE8XSP6A3B6CR0HI9CBN5Y3H18I6GK UFU9XA925Y9MP', 'IPXK1PL8EB8H3I RBK3JRI5HMVL3CN2U', 'V7H1FVTMIK1REOTHCHS7SLSUAF600IA3JHNC1UIJTWEN5 RQ4MSOXXL08W9F23N4Q3YKP222TPWLGNGXDCWA1YLV6V0HJMQCBRKJABICDK1ABYERBC81JN1YWFCJI4RCR7JBRSA8128TVOLORDS4 JKIRQ5B62DG97U9BBAG0VRHG4B 78H14Q9NSW6P MKUMKB178QF6OVUI3BNSP4LTSK8N63 FBUGB2RKXEBF05PUP QJBMGV5UDVPQHM8B0', 11);

insert into SERVICIOS (IDSERVICIOS, IDCONSUMIBLES, NOMBRESERVICIO, NOMBRE, DESCRIPCION, PRECIO) values (9, 9, 'TIF3WXUKSF7S5RI3FN2DVSC1K9DKMGQXS1XE2FOWXCB2H9KPCT YOBGMRKTQUS1OPTCMKW61MQQP113AO27GCB83W97BRYOTFH6G', 'WLI1SJJHFPEAS1LT15HQN3LYPTYVL6XL', 'YHLU3364HP29KTO479W36AJY XVVHA9BUX051GJLE36GHRNG3QFM6L30S0UKKLEFF1A59 WNRMA7AMT3AH4FSK7K88 YAAEGO CAQR9KXH870POSSYYW6V473KN6ARKTIG5UU0512FV4XD9Q98XATCNRXO6CGGOEHXQ165L74W4IL75H922QIY3K1S1I011I0E4 NP6JS2VVUXE21UFC9UACKUNLFBIU9OFOGG0 JM4JTEMUOM33EBM7CGGEH7H', 0);

insert into SERVICIOS (IDSERVICIOS, IDCONSUMIBLES, NOMBRESERVICIO, NOMBRE, DESCRIPCION, PRECIO) values (10, 13, 'J17DWSTP66 4PKADOGWUYSLI1HH4SV45IGFEL58IQJYJQT O06FEQU54LKVGG4 EIG3JKLO5VT9XVM7XYOD80E5EWA0O1OSKW62D', 'W3W0XHD1B325JQVCDF2HCIBQCT8J3DJW', 'G62P307RUP1TTWO0M138UIS P2V0N8UVWJN523 JVAD1WTX7MPNYDIWUQ6 T0YH42U3VAP0466DRVHIFG4AGEJD5NXDG1BL79DS4G6MPCYD5Q6YF5HOYJ05D8A8I56PM77O442A2A2H8EFVH3Q7O9PAMK3GNRPKF28H3Q9NHDND8O13D6MTX0M1E9WJH2D27C3IENVJTCOEAA4LHKQ5040RTA1PQAWA1 7PA5DXFFWLMU1HN CKARH0H OS5IBE', 3);

insert into SERVICIOS (IDSERVICIOS, IDCONSUMIBLES, NOMBRESERVICIO, NOMBRE, DESCRIPCION, PRECIO) values (1, 15, 'I9167DVO8015N  VGP35QGOQ27NGGG D2JFPRHD7QDOXKV5VNBNQAPAJ PVDD106P419Y42 AAJFKWGT11K18DY32GW98B2DWY72', '0X4QX8AM5EO3K3LHASXT3FTJJXHBA4EC', 'KCRQ6FGW64VMGVG39FJY34UHL4P9FOVRY6SUGJ4RHGUT3UAT9D8 U7A0TXVBEP7XWN00HILXCTY4S2R95O2VYY6NDYLQUD5JMA UR8I 8 27WTD6UMHMY97I0860NFUFW42KRHMP55TDT8XHXUPRAVE 05N8PFOL HC3 04YNXNJWEG8GHPJHFYH7HT7VXF6R7R1 FCTSBRCK9BO 0CU4IGOXHAD4B0HIFXKC8 H8R52BQ45NA39RLPC1SHSEYP', 5);

insert into SERVICIOS (IDSERVICIOS, IDCONSUMIBLES, NOMBRESERVICIO, NOMBRE, DESCRIPCION, PRECIO) values (19, 19, 'L2THOO48 G2C1 TFKNEDL DI2KNL 9HRWV98KQ3KJLW3YIIWPI1FP411AS0I6MKKJWKSKXD5BAFSXBVWJNYBF TEOTYTMS96J8OQ', 'N6C0RB51XVRMKD4DNXAAI5B5BKT105RM', 'Y6SBLNV1B23MLMJS73ND 32SFYDJ8R2374A6NKPPV0IPH EIIHTAUP742NPF48RY0CAJXQXJT8NQ0 WRYKUQFA8CHJMUGU4FAAO6AVPB0HLV26J9IKAFVL7D3NDC0P3W3 MP7P35E0QY67R1D93S0C7IIIL65 J0PYSGV02D6N QJOTFS K5CB27E7CFWT8RIA7L4JHNMPKM0BY1AIGH1BN8PA4YXDTD1KA0D64X726W4TBPG8WMU7OPGWRFLWW', 2);

insert into SERVICIOS (IDSERVICIOS, IDCONSUMIBLES, NOMBRESERVICIO, NOMBRE, DESCRIPCION, PRECIO) values (4, 16, '6 W7T7U32BCEALU5PYTII6 8FVKWDS4OS UH1U RFQHYKM22FQ8 DAAKI7OIV839Q6JC8ECMV41NITO6B7IVA9OKQHUCA2G687FK', '44W4PXE0K03SKOG58RKYMVKDHCJ0KWGE', 'B0XWGSQNDK2UK1WXL43G5AVS TQJ7WNXGA1BE64NJHO4GKCP56H2HF5IN5X6IHXCTV463Y9N4UCT47YH3RC4R11BN09QCN1ERXVJL8309R2A 3K2F38CWLHI50WQFEAB TJVRRL17HB75111EL4 O4HDN0P1CC47B1Y36YR NF6OKH91MUKJJF23XYY DQX316FG8VOWG477XI6HWJP2SUAP 0I9NJ5WL2SO59FVRAJQSXQRDK3XIG875FQ12B8', 6);

insert into SERVICIOS (IDSERVICIOS, IDCONSUMIBLES, NOMBRESERVICIO, NOMBRE, DESCRIPCION, PRECIO) values (13, 9, '7X2F97V2J0DR3O5QR1M3WMJAAIQ5DW6K1AY1B31AIWGYCLVRKA9YNSFP0L2V8GJ8C1HCM5R1QUX3HTJL0JD3MJ8IU5B4QAG 1JQ8', 'ND7XK47CWLJ80VA0OJAFXG20T744LL C', 'FSOGTTH2T3STKD3X5F XXI 1G0PISADQFL3BF0KRJ6O6FR5SVSXUAGRUAHFCHQK5JFMTD98OT13DGRTCYES3LRUVCPC5GNG1BTMX UT09XFL81FOGI1FVLVA95DFF2916PQ70UC0GI4NOY3X9NC2LX8CJIL8LQWRJ8NNJ4FXVLUT4QH86MJVJIUDLS85H9UVNVAT4CF1UCFWDA RYJL5YVFMRAO820A2NDPVQWBPO6TBKFKP5SMSHD8G8LG4Q34', 7);

insert into SERVICIOS (IDSERVICIOS, IDCONSUMIBLES, NOMBRESERVICIO, NOMBRE, DESCRIPCION, PRECIO) values (3, 10, 'SYCHV2HEYE6GR2EE9LW6QQXQP41SI0IM7HBB0JE72OY0TVGU 1JO P3JW J4IB7I9VCTO0OV B7LQTAD47DK89JD03C179YW7NAR', 'CRYRFQEXMP42UK06KS5T7N X1C6R7BJ8', '1NP3DO1Q8IU4WBMXCD W672886JAY8FSLN6TJPPX2HBM4J7DX03V8KU1ELA0GQPGGHED21OVLJUQWP9XRGB5GEDYDG6MUWFYI 6H56J6AM 3QIN66W5GS02VKM BUNURKUPXK3L2LHLEN82GIIEQS26EKTMEQF0YIODQL8YG2VSK7GVP7E30INORTREDD0QC90W03BIX7FYOF6CJOHMJJ8EVXYTU1NMCQ982DKYQMMSW UG7DNJP QV8HXQMOY2', 9);

insert into SERVICIOS (IDSERVICIOS, IDCONSUMIBLES, NOMBRESERVICIO, NOMBRE, DESCRIPCION, PRECIO) values (15, 7, 'R2WSU8EXBJA0UPTUNBS5K11379FR6I2GK CCNN7EXDKUAFF3PKWS1OCDHO389KUQSV  B0ET6JTWGJWGBJM8S54GGJ CG2W0KND7', '8HVKVCDLEO1X96KXEA1TQY10P9IUUTXU', '2XRPDBKPPWW8N 8YMSPU0IFF4317MNY89VQSJEC2EPLIE4MGDFBM5918DFLM X32CJBCBH9 0O 6VKM9PU2FY0P7I6RO Y6BC2JHM46BEJ61W3AHHNHYHYW P0OA QGG HELK9BM2085GY219FX9UVK2SQCPKTMSN RDDHA85U5XPYTM9USND31PA2NEI8PFCOCPFU5CHUQY ESOBL7PJG1YBVF6NM56TSUVAYBVKUT7P6NGXCDBYARLN E412V', 19);

insert into SERVICIOS (IDSERVICIOS, IDCONSUMIBLES, NOMBRESERVICIO, NOMBRE, DESCRIPCION, PRECIO) values (7, 12, 'O3YK7 FABJ3KUGGI5TEJWOS8MOP6GYTHHY KJGG5O53K GEM9DE90RV2K8UNC95DDWQA1FKPAE06WA7M8TFVF691YW3FLRYFVKMO', 'AYXQUBB9S6O00WMIK4 L6LP6CQ1TEPOY', 'OCJTENXNHIP1VIOH0BU9MFIP9T87LW95DY6S2DGEP3A0G6SR39VU2VKVAVKE6JDMGA04XIQ7SRJ8PM0EC98XEEFKVMWETI4EWOA4D6G6SND2PYAN4GQBK8JMYH7LPGR0G2G01RXSJGTUSE69JMANVU 58JH7B73BP3TVTPWVNMVRKEPAL9RHWQ9S7JQEEREMX0TPYOPQI8KYXGG9YF39GOII6V2907JO8TVHWH83B  F1BJ44W8EOIBP7LJSGVW', 15);

insert into SERVICIOS (IDSERVICIOS, IDCONSUMIBLES, NOMBRESERVICIO, NOMBRE, DESCRIPCION, PRECIO) values (18, 17, '2932TK8O4N9K1D1464NCF5C YHH9FU99B 3JS98RLWNMNKU8NJD8GPODK9LHFVD2XI7COCNSO81WT8O2P8E HJC50LSS54VOFFRT', 'BX79QUYV63J15RHACN4WMN4DATTN6DVF', 'TCQDEJKCCXEDIAY93TRFRSRLRH1D0IBXJCEUVWWAJY5T2WCQPUDE2Q3AEXDMNISQNQQHR6QR UT3CLO2YK6UIMJR7KAQGCHO3P514LR 81CP4D6UAUT9TH58PXCJFFFVUSDSC3A7T8ROK0OO2W0O39KYEW49WYAGNT6H9HCP5HAL63P8K4MPXJ39MNHSLVHLAVJJ58JSJ0DIYYH7XAPF7SQFOLCHQX0JCCLSMO7T7GI3ASUC9EIHB63TPFV6VOI', 14);

insert into SERVICIOS (IDSERVICIOS, IDCONSUMIBLES, NOMBRESERVICIO, NOMBRE, DESCRIPCION, PRECIO) values (2, 1, 'UYBJ4MRLAGIXKPEWS OF7W9UQCR6R7P8KJ6E4SWWOMGPW9NCNLASK9VE9JA8A1PY0SD98A21JCTRQ14O66TGVM45P S0QW0FBQ6K', '4CYMATQDYL996G5L IS0IY MWU5WUYB2', 'HDVNMQXA4BMEHXG9DIRC1 PHUU5AC0DCQSE4 YVE5WOXD2OX3MYRRE4UX122YH5GJY4LB54TBV01Y9WMBCSFW40QH7OSF4VIB4LTNK6H33B 1KGTVFH583PH14U6U46TCFJQHV7Y DK0UDBNOFEY0QAX2KO6P3IB2Y1EV79HHB0N8GCVMW9Y3SOP43LS412LXNF0E 3Y7I8HI14YN81GTHJ T999ODUXBFDY769YOF0DLR2YRT1X1EBOPHMYKXN', 16);

insert into SERVICIOS (IDSERVICIOS, IDCONSUMIBLES, NOMBRESERVICIO, NOMBRE, DESCRIPCION, PRECIO) values (8, 12, 'GELB9L12JVFAEX51AP4Y0AS5BKK0EL 758H18LO36GUMA8ATEYRLX9YYJL068XFQ4NDHPTJSX7B6OSEJ7NFX5454EBLEKM75KBK3', 'AJLTO0QRD7PH K7SJLHNQ3QVDEDLKDHU', '8S0PRX05NKGG7VNBOXTQY8J9AF3XEEX04U5P5Q9UYIWY394TG6E1BABE2PCP9E1AR1ERXD AC7Y6C91BEMM YQKIT6ESEB9L3XAN41Q61DP1BVMB7BF0XJH72MA7TF2TN56EVJFYTQ5TMLJ48FPRH9PT SYDMIBNNCFBI6DV827YYJVSK2670YAHCGBW5V8KW780HSD D7QA8916THIK18N6OH4PVFJSYFPDGQI33 FUHWXXEVCDB9NK2O12EJA', 4);

insert into SERVICIOS (IDSERVICIOS, IDCONSUMIBLES, NOMBRESERVICIO, NOMBRE, DESCRIPCION, PRECIO) values (16, 15, '8 1G9WGYP15A7  RJ2SH0RALKUTL66UCS8 DOPR7GYO9OF73VDGOBL45KE5VL4OHIQPGE4CXIWHEQTK IN9XWC2VFG Q1SWOO1R3', 'F2PGHWO3LOT XEYA16V7LHF7SG3BTCHM', 'CYQWI6XCTTAW1W4TH9I3EONI4CYOFH4Y3SXRVMRVIO QGU4E 2N6Q5NY6X9IJ3MFJVS47U9EBF0D0TLSF5MXQWX PXHXIA2 4C5QH4VR8JD4WITFMGSH28S4L2NANCYD 2W80VM2X12ALPJ82LI0LP08FTRQKMBN1FW7BM3YYP20WE4J2W7IKWXKM6VF5PQC J3494CDJXHDSQD1S8CVGMDVCY2DMBBDC7GC 90RSRDBM0NV29CY1UQ7IGEIEAQ', 12);

insert into SERVICIOS (IDSERVICIOS, IDCONSUMIBLES, NOMBRESERVICIO, NOMBRE, DESCRIPCION, PRECIO) values (0, 10, 'GETR632DLPNY54YEG31EFEE3W6U0E Y99JBCQ33FVGOKE9BT5SHGQUPG10MIQO7FLEQGAPGAN6JFRSEFF3NPHSASQSXANIKLQHJQ', ' Q LPS0EP0RNO3BJGOPIQATP8406JE2F', '2ETY5U18VJVWSYNXKK6RHBOX2XQ2O8O556GLQLOPXFP6IQ9L0SW43ODEE2J6L6N9RJUG75HMJU8E83MMMW YDOD5I850XHKAG4EMKR0QR 4SIGMI2YOWP98N4JLQ8SW06A57P0VB TQLWKDCJQULIJQYCTKM XAQ99SCFNW61413SG2MMS O00QNQPC0J1K9HYO8GS2O6EQMHD4G8IBTFDAT8NW65LO005T1FTHM1 1G9W1HR1NSSNL46UWH09S', 8);

insert into SERVICIOS (IDSERVICIOS, IDCONSUMIBLES, NOMBRESERVICIO, NOMBRE, DESCRIPCION, PRECIO) values (5, 3, 'W 36CST3LRB 9ICXNFQNLT4HY5BBA7X0JB7YUXN99HETY92W6AR3Q598GJTNAPP23B2WD3YL J5QAEYEV59PJN0QUWM76VBPB 5W', 'DOBURPQRNKSSCHW1JVYYAH8GMV S0RN6', 'TEDX1VEHHO  16WJV 8IB461PB9MC7134OXAH8FF5K85PCHH93U279H48TP 5R73V7WVOT6 2JGTYO2VXNC292GI09QMDICCKR6D X3VAV1W70DUMPY1B781PMMRHB9L8KD1QP  A970 5CSKMS3AB7PP8JC V1QE8YUB6XF4R0DTP94N7M 1V3NRXCWGR5V5R4D6D8EEV6W89NH5O16KBW68WPPFK852JVXS3J99IA4VCCP OHQT VQ1P4KJO8', 18);

insert into SERVICIOS (IDSERVICIOS, IDCONSUMIBLES, NOMBRESERVICIO, NOMBRE, DESCRIPCION, PRECIO) values (14, 16, 'MJ7SUT55DQTBG2AMXYQ8NSG4SGYTVG3CO9KLWF7WRV3ILF0I6HE D 51DXD8D9M502WR3V9HF6XVSTSJ FP8FJR7NJ XA6QRHLO4', 'T2HOGDEEBKSG4TATC8B 9U664R9Y3N 7', ' CFYEM7QKAYQ8B9FQK73FS3KXJDS3FGFVNN C7B10QWL58DAMTQSOJTSIRBQGR3AI5U9222XF9HSCBTLN62DH46OF3DSH7TORL2XDTY3U48019Q99PG9NM4LSMPIPJMNK9QUV2DLD31Q1U3K0WKUG7I8RU08AHHL4XQRQFNSCI97TTUYNUF4005ITU951V94PYA2TM 696MHK TA03J X7NPF7Y6FHR6T642MDHQPH9D28PK6TS1M2NBC3W L8N', 10);

insert into SERVICIOS (IDSERVICIOS, IDCONSUMIBLES, NOMBRESERVICIO, NOMBRE, DESCRIPCION, PRECIO) values (11, 1, '8UDTQT2BH65FESXC2UFALDYT28G6E50I4CUFFQYU1PQFYA1NJJHKR8 XXS2XHXQREM2APNOFQVECJINIXIFV RI76FY1UUASMAL0', 'MELVTWCUWUYEYA36YAMBY1D4JQNBPU99', ' 009RDC8JIARFSD57BOEQ1TL4F5D3B H04C7YTD51K223TDPSTT29VRV7OK1S1MS22OU8I820 RJHY3S85 XLE6SYA3X2V5X5XYG KRRD1VXJMKRR1FFILHK K KSKI9NYPRCRTUH4FF0VSXT8XHI3 A701SKJQY5J U9KBWUS MEIQE6STFY64 UAJVSUU5K9C9G26EBSLHYVH8VRWYXRDLD5DKN8YU2SYVE2CQ0YXGS15G8IL6CF5WKLXX325', 1);

insert into SERVICIOS (IDSERVICIOS, IDCONSUMIBLES, NOMBRESERVICIO, NOMBRE, DESCRIPCION, PRECIO) values (17, 1, '51 4QF3HGR3D9 XGKBMRV3O3YMRJ856NQ88 2F OF48NGGQ872 M1XY7QRXXNCNTU9I3R5BBKJPUCOTKY01XMEN0JJ7Y5A2PB IJ', '453WJN12Y4JPXOB GBCIMNFQB7KRUYMP', '041E0DYT5DD49PQUYUGSMUH0OGP3GUDKFG VGFTMV26T6DAQGL6X9VSGJDQB2FVDW3V3AFDTY2R9S5QYPNHYDOW32X6L35VS1D093 1GGLL739RSAG8ER91GO0JG93G0DUV6SIUO77DWKPPFQQKBKF38QTLVO47CFD44Q5HM3QV506J6FIN7BQL3JR7HVVG1J4LYQWBGS72BN8XCO1W70JPO7KHDTS8GYI7 WHDEX249675ARWVY  BQVAK5U14', 17);

insert into FACTURACION (IDFACTURA, IDPRODUCTO, FECHAE, PAGO, SUBTOTAL, IMPUESTO) values (11, 17, '1001-3-8', 7, 1, 5);

insert into FACTURACION (IDFACTURA, IDPRODUCTO, FECHAE, PAGO, SUBTOTAL, IMPUESTO) values (10, 16, '372-7-28', 13, 17, 12);

insert into FACTURACION (IDFACTURA, IDPRODUCTO, FECHAE, PAGO, SUBTOTAL, IMPUESTO) values (3, 19, '174-7-18', 11, 14, 10);

insert into FACTURACION (IDFACTURA, IDPRODUCTO, FECHAE, PAGO, SUBTOTAL, IMPUESTO) values (8, 10, '928-5-9', 5, 15, 7);

insert into FACTURACION (IDFACTURA, IDPRODUCTO, FECHAE, PAGO, SUBTOTAL, IMPUESTO) values (0, 14, '1304-8-29', 18, 12, 2);

insert into FACTURACION (IDFACTURA, IDPRODUCTO, FECHAE, PAGO, SUBTOTAL, IMPUESTO) values (7, 2, '712-5-4', 19, 7, 16);

insert into FACTURACION (IDFACTURA, IDPRODUCTO, FECHAE, PAGO, SUBTOTAL, IMPUESTO) values (15, 13, '1501-9-7', 6, 11, 4);

insert into FACTURACION (IDFACTURA, IDPRODUCTO, FECHAE, PAGO, SUBTOTAL, IMPUESTO) values (13, 15, '580-5-22', 8, 2, 3);

insert into FACTURACION (IDFACTURA, IDPRODUCTO, FECHAE, PAGO, SUBTOTAL, IMPUESTO) values (2, 1, '1-1-1', 10, 4, 9);

insert into FACTURACION (IDFACTURA, IDPRODUCTO, FECHAE, PAGO, SUBTOTAL, IMPUESTO) values (6, 9, '1808-7-15', 17, 3, 8);

insert into FACTURACION (IDFACTURA, IDPRODUCTO, FECHAE, PAGO, SUBTOTAL, IMPUESTO) values (12, 7, '1596-7-13', 2, 13, 11);

insert into FACTURACION (IDFACTURA, IDPRODUCTO, FECHAE, PAGO, SUBTOTAL, IMPUESTO) values (1, 5, '119-3-12', 15, 19, 1);

insert into FACTURACION (IDFACTURA, IDPRODUCTO, FECHAE, PAGO, SUBTOTAL, IMPUESTO) values (5, 4, '1683-6-21', 12, 16, 14);

insert into FACTURACION (IDFACTURA, IDPRODUCTO, FECHAE, PAGO, SUBTOTAL, IMPUESTO) values (18, 3, '1096-5-18', 16, 5, 19);

insert into FACTURACION (IDFACTURA, IDPRODUCTO, FECHAE, PAGO, SUBTOTAL, IMPUESTO) values (17, 8, '496-8-23', 1, 18, 6);

insert into FACTURACION (IDFACTURA, IDPRODUCTO, FECHAE, PAGO, SUBTOTAL, IMPUESTO) values (4, 18, '794-8-15', 9, 8, 13);

insert into FACTURACION (IDFACTURA, IDPRODUCTO, FECHAE, PAGO, SUBTOTAL, IMPUESTO) values (9, 11, '1440-6-25', 14, 9, 15);

insert into FACTURACION (IDFACTURA, IDPRODUCTO, FECHAE, PAGO, SUBTOTAL, IMPUESTO) values (19, 6, '1194-3-12', 0, 10, 18);

insert into FACTURACION (IDFACTURA, IDPRODUCTO, FECHAE, PAGO, SUBTOTAL, IMPUESTO) values (14, 12, '293-5-28', 3, 6, 0);

insert into FACTURACION (IDFACTURA, IDPRODUCTO, FECHAE, PAGO, SUBTOTAL, IMPUESTO) values (16, 0, '1895-2-26', 4, 0, 17);

insert into PRODUCTO (IDPRODUCTO, IDCATEGORI, IDDESCUENTO, NOMBREPRODUCTO, DESCRIPCION, PRECIO, STOCK) values (7, 1, 5, 'R9PWXU1B3 DYLAGCSSHBIYH4J7P7FNE7', '8RJ9SIQ3G19EOGOY59G5NVSQBSI7GJGMC67X7R0MG9HN29DIKF1CKHD2VT8AB2L70S WN6 IYF1QP72QDAXH5JIBR7LBL9RA23P2OE 4349QHRPRBVB5 E6QKKYKUU7G6M0LYLOLR0G2JUSLS6D5V2UDGMIKQ K1HXJ DI6SITUD4W5XVB5KPYA090F42EW6YKQ VC1FH7ILNY 9ACLTL4Q8JISAVEMR272MNX60JXHYPJ0XDEKKS3UEFVIFARM', 6, 3);

insert into PRODUCTO (IDPRODUCTO, IDCATEGORI, IDDESCUENTO, NOMBREPRODUCTO, DESCRIPCION, PRECIO, STOCK) values (17, 16, 15, 'PQB5NVT2Q2WY7R37DN37IOP I6OEVAM5', 'G3GS60IXQ5SM00P8 6OTSMYLNQVH8NT4QT 69FY0OGLSHG259FC1OPAGWXDHLDGUVTJBSIMKM96QH3QMEENSRP8BV666Q40TU7T9U3F662E0C2DWV4SKVIFC28856NGJIVLWX2SSRX69PS5QT94R144AQKEXMV7XF8P5PIOQGOFUHQT583WOMP15X8OV7WA7YHYQ8QLT9O55ULMOVMJIBLDFG11A6 64AD89Q4J7W2BFB6B7AGCD A 0 DHE8IY', 10, 10);

insert into PRODUCTO (IDPRODUCTO, IDCATEGORI, IDDESCUENTO, NOMBREPRODUCTO, DESCRIPCION, PRECIO, STOCK) values (15, 13, 9, 'KHJPAF5SF3X9ADK2GMVAW33LCEGNSPU9', 'SBEEDS82HUK ULH82SVS9UF66UB1C816PSMEH9TANDK6HRL8XISA4ETRM9KT4C9 R6U7 9OT2L4 B5VOYBUBRDE6E6JWN23 BRHS57XSKBYK7BPHOW9EYVAB3B9FS3JD3LK66RQWC6E1Y5Q2 NX1A6RNJ7EL9HRU8JWF6WEC0MIM9UOE9VFUCW8345CKQI4M96TL3VHVKSYHQTI08IYDKY97H82LRS4I5YDTW8MSHO2XVT9X1EE9CHM1UB9YS6D', 3, 4);

insert into PRODUCTO (IDPRODUCTO, IDCATEGORI, IDDESCUENTO, NOMBREPRODUCTO, DESCRIPCION, PRECIO, STOCK) values (5, 12, 4, 'H5J5HW0X2VFCRR4GPTO63BIQWL4YBROX', 'LYIUQOX07KB0PK3IIRW32150KQTNK6C8EANFXX614SM4GSQMH2I3EM6DBMK9LI2ABML36S6YQJ7THC6EGD1H2MLCUGEKOFQ23YN9N0W2HX0D85P6P5FP JAJKBGDH51RK5DE2R6BQXD6MLEXJOWDM8X6X46R99I6J1M8MMIA GST4J4B99X8YXY8CQ7UPQDRTBKJ3J89OA43S4KKA2C6KCLADXKY50PMCKMBRXH4C6HV6Y5PY45AGKVKJCHLEV9', 0, 8);

insert into PRODUCTO (IDPRODUCTO, IDCATEGORI, IDDESCUENTO, NOMBREPRODUCTO, DESCRIPCION, PRECIO, STOCK) values (14, 0, 12, 'OAU5C72MG2JVY SKV9NPYXIV1D0J4QJ3', 'L CGRFI4GJPA7B22AQDPS71IYCKIDSJP2O133IJUITE7BUVBM2RN1 P41F1G37ME5G STTL44TP6KX7OLF1WKET10F7GO16JL9F2JTN5U4 GH7AQSDVM3N4EQXAUA8M1S5IR0F6 WGEKRVQSGFW9GFQ3QOJB4ASMT79065XF3I6B8PM G6KMM05U7D1SN5XUEHN63 60Y CRVYD8C9BPT5B2YRSJEEPYV6IX1GI5NNUBUEV6CAGT96J3GMP0426', 9, 19);

insert into PRODUCTO (IDPRODUCTO, IDCATEGORI, IDDESCUENTO, NOMBREPRODUCTO, DESCRIPCION, PRECIO, STOCK) values (9, 8, 7, 'GGALIJTNH8SJUKC5RW9SYUI4N9RQEBMF', '1AEO8CN0  BKMHECBAY7JIVLWXRM1PSS BDQBM52EFTAK7SIVPYOS6NKB309N5NFDCABOJ4K54 OENYEWR1XO F2XG988QBDNBGW5Y7RPVQBLLUH6A0VOYK154E3FQ A1X3USWMAB3YPX XPBQLCH43U4VDB4PDAGGKHYJ281WM9GV4BOAP43RH8R457HAQVPW70A8U1Q1P8IJ10EP5VTARETYQ11BUWCUDJPFOMYY7WPDMXGGV469GWS44 JR1', 15, 6);

insert into PRODUCTO (IDPRODUCTO, IDCATEGORI, IDDESCUENTO, NOMBREPRODUCTO, DESCRIPCION, PRECIO, STOCK) values (8, 10, 4, '1YXI8LJH3X CUDER4K6I0HO8OQB2ULY9', 'QNMJ2ESY96N6CXXJJINRC1EPRY0E30S42S42IW4INIXQKDWVS31RXJL3DDONDRNI0KYIRXCPVX3WJI780G2X51URIWT0PES34PDBGJMGF68W32TTWOR779DEE6TLUTUBAN91B1688R1UY3YCMLXP76I8NLPNI6K4VM79V3G0L UYSUX1QTWH30R0AD4BBWV2NNEJJJ1AAYOG4X8N4QQNTBS PFFXQRT4QHQKPLN3DI6NF7KH7K4C7VE SKMO8PN', 4, 11);

insert into PRODUCTO (IDPRODUCTO, IDCATEGORI, IDDESCUENTO, NOMBREPRODUCTO, DESCRIPCION, PRECIO, STOCK) values (6, 18, 17, 'T6327FA78H4B OCIS0G4MKWO35T7P28K', 'WPQQYNN60FANR3UOEQ9GSXTKBQACX22QGIQKFIHP6DQ35D9KPVJQ5NIFV7XV0IEMGJM4OE4E6K157G5BC6 LOVL919L7APJ11JCUHATN6R639FJ9PMUEM2 IRC4X5NNSVQKXL16 W4YVR9NSSN85CKYQHB7B3A4W7PR5WI10K7W25W3H0 0F4LYQ7GABIIOKRF806CLNX0CYX3O3FVUKBCTEGFKIX282VB LC76TAVEFKLIJLW5IDUJSBB24WL4', 11, 14);

insert into PRODUCTO (IDPRODUCTO, IDCATEGORI, IDDESCUENTO, NOMBREPRODUCTO, DESCRIPCION, PRECIO, STOCK) values (3, 12, 1, '28GKOIVKV8JRR6B6OXC2VBXHWRR TL1X', 'WA6VQBJKOGL 2N  VK36VO3I5BMJ1YPTPF8GT0UQJSEQ4RUTA UWWPYCTM8LUOT69335YFEWU5U4FGJX6Y02IX7XDVGKQPDAJQS5WJGN70XDKFFK26T9BWJHG8 KLPMKM9RC1F5SF94JOBSALUVUI4JGXFXJWCSLS7VHG4JGDE6ENTPUNP8W08QLTPU4VBYEFHB4UQK06FCI0NAD80DCCTIX9TMTBF465ORHMD351W8AVMH7FK3UPJ6RL3LWQE8', 1, 17);

insert into PRODUCTO (IDPRODUCTO, IDCATEGORI, IDDESCUENTO, NOMBREPRODUCTO, DESCRIPCION, PRECIO, STOCK) values (0, 5, 0, '8AYIHPXY0EW16189NUEV89AG3PXCFKON', 'EMVAPR9WSDVXU2I5 MPQW 1YQ9DIC922XSLCLYIM7P T4242O89VQO2YNW0J1QAERO1TTLEVWRBRS1CWGVOODXB9QAW6IKWUAHT RN64NEK1DQ18TCTKMLMRDDHF6XUX5J5INR4RJNWA4M4LKK6F26PAA8QN7J038DQHG8J3XN3L3RKDQMQK3RHNI54LIUEPQNUFX2SBHRDE3YCUNR0PV6RGAIOFUY 15787MV9J2GJMSKG8XD1X9VGA7WYROKT', 19, 1);

insert into PRODUCTO (IDPRODUCTO, IDCATEGORI, IDDESCUENTO, NOMBREPRODUCTO, DESCRIPCION, PRECIO, STOCK) values (12, 17, 12, 'ODQJWCTHQ32QWPTTM8HAUF8XR2CGFM9O', '87 76VXDSYEXIJQYOG1ER2YIM302KB3YC 5N0R5I KDCSI3X6GH72P6UT3RM9TMHER XV668XQB8IO4GODI49IYH5K4QL1TI85XY8T7 EFCG8SRP X890IEEU9C4UK17N2M4226B00RITBSUV5REGK8PX3Q KVDRDMRGP8MSA3YBMMI1 CGQ59TGHCT2T3FDYABFWAS0QKJFCQXKV3T1217RCJ9N 9KAXSC3S0INOM7V4JPN AHMI13SDHUJX2R', 16, 2);

insert into PRODUCTO (IDPRODUCTO, IDCATEGORI, IDDESCUENTO, NOMBREPRODUCTO, DESCRIPCION, PRECIO, STOCK) values (13, 7, 4, 'VCCHS3RV2B8IY4KMKGQ6B7U 0UBL6XOK', 'SQ52 Y DAEOW7IO7LQ2AAA9VO99K2W2P7NMV7CKIO1GMKEKCQBT6FKGJON9J3ILNVWSBEBWSIQ0LJ6FRG A9WW4R01410UQK5OI2POXPKEM6CL8S2SHU59KUXWSJSBD3FYW ULAEM VWNTSB2PNB52WTRLILUU4I6PE3 NHQH9LGODL0VOCAC2 9TBQ 7NHOUSOKWVS31XYM6A01YIEIRIGJH9AMEFO9WXQQWM9N4MDEHW4EUVYWY SJ5H7JG9N', 2, 16);

insert into PRODUCTO (IDPRODUCTO, IDCATEGORI, IDDESCUENTO, NOMBREPRODUCTO, DESCRIPCION, PRECIO, STOCK) values (16, 7, 9, '93H9K1OH51VA1MR4HTIKSDYCXWG7K LM', 'GXUT0RQO7NTKYD0VL2EDG0I5W8YT0YN95G2G3VFO5LYGL7TVV8MDGJGKV7JRC1G0Y33GR2BMLWDDQWWN5WYV8OPSEJ1 5D090F9YYQFPALAU0TADWRR4B4HE1R4L130674XBSV6VMOVP7YD4DG9OD0DQ1GD4XXKM2W87IXGUOA417R NDNLBA5HWA5BBR57BSFBKJWG45G1849BKG5U50R8SAIC5QIUQ6I6MGBU0GBG 6 17QN IPOH4A5S 5AU', 13, 7);

insert into PRODUCTO (IDPRODUCTO, IDCATEGORI, IDDESCUENTO, NOMBREPRODUCTO, DESCRIPCION, PRECIO, STOCK) values (18, 17, 10, 'DB9 3OCD42O3BXFCDIINY67DO0NW2RGO', '3RVPVY8OKK259R05Q10T1P7HC4QUEHDWGMBR4Y9GO7WT8FX43V 6PF7WOC0OAC46NMQ1FIJ YO0 HVWSYCHPPI2U62P9RJE887 66SOMT1N5R JET9D1IRQRN5KKA0N0MHXPX5W HW4Q5R3NY0LLW2NJO2FFLUVW 8K4N3X7WLR01D9JFR2UXJSHMY4LN9IM7UTPJB0RU3W616BL18R2YEPANMHQRQME1GOR1NXJV WD3M2OEVQGL2D3PIEEHRQ', 12, 0);

insert into PRODUCTO (IDPRODUCTO, IDCATEGORI, IDDESCUENTO, NOMBREPRODUCTO, DESCRIPCION, PRECIO, STOCK) values (1, 5, 12, 'ROYYVY8755P2H6G3AMRR0601GW1GNKIC', 'T S7GY0 VAK6KDDS2YO04P4GCGPV2N4YTC8FU9K1H7S7QE8CHTGO4H800F0R4ENXT6UHWBNFHI8FOW55  ITEEAPEWU4T4EQNABFHQN4DV4D4Y7336YKQ7BO8Y9 DIK4HD2HGD6J4PEKQUQNQXF4WWHOND CUJG9XS1SFD0M1BMK083R7IAOKS5X8TFB9GMW1R K282VXM0 H WY81KF8HT5VNM0JRPC7872UNFDVHEGFAWAYCWPET3PY4ALGBI', 18, 9);

insert into PRODUCTO (IDPRODUCTO, IDCATEGORI, IDDESCUENTO, NOMBREPRODUCTO, DESCRIPCION, PRECIO, STOCK) values (10, 3, 17, 'YP7KU5NDFX9KRXGPC4FGPGJ3H53QR5QU', 'DA OL7MAMHGCM6KYAW3MQGYUE84R7R61BII2FFH2SOW16VJ530OPVMB LWG221RD2I6OWRQAFVXBULANBMDSH3MM6ILVFVNT0D1HFDANQTGNEC1T5H34Y V3K1WHKOVT3I02D880DP88M F79TNPO9BSPVFXSSKYRTQP6C DL4OVCB9HW3K34UJB4T1TDH9  JMCCIAW4231D2PGTD6JSIBDS1FGQVRTCDXJBJ2X9YHTLT74A M 5 UXA70RA23', 8, 5);

insert into PRODUCTO (IDPRODUCTO, IDCATEGORI, IDDESCUENTO, NOMBREPRODUCTO, DESCRIPCION, PRECIO, STOCK) values (4, 14, 11, 'KVWEJ1PT6YX3X3T8M 3BCERUYAIUIOX1', 'JUEOKN2LYTKP0Y3EM6QS0SWG OAYEE MC33LBWOEK55D2ECC9SSBS9QUSLPCLKKYM8DBBNTBK3BT2UV9I0SP95 0P4AV99J0WVI4SKWGY329RDWOXAP6W5X58 9400L V786L875R2VMJYLHCKYQYVUS3EAG1DDBEYNDAEX4AIJNHO QNAC692UR31D 9XBRGDAF0Q6AYECTAN1UXI44AF0488 L7AVD771SL0YWA9WHD0MHFQWW9QB8OQ  34C', 17, 13);

insert into PRODUCTO (IDPRODUCTO, IDCATEGORI, IDDESCUENTO, NOMBREPRODUCTO, DESCRIPCION, PRECIO, STOCK) values (19, 6, 19, '8J67YO99OQKBB2PDAYJ7OUG98PC1EPOF', 'GYRAPK 6E36BNPWGKI1POXSLSPWLMR2XL7WQ81HNN6R180I9ER10CUENOTLKQPUSNK J6TD5ON3XTM2MFVUNN2F54L7VC57XTTW85DH8UNU9UJUYHO6U2FSOMUM3AWWAHW3SHTPHSK8QJE4QN96ATCCPXIB14FRPEXILEX1DEWYFTK779QK21X3O3MB18VMYK5ODS4E6WB9UIXGK GNLHY0VHH3RS0AO9XKCDIS8RMYV369YPW7TSS3IOGPDPCQ', 5, 15);

insert into PRODUCTO (IDPRODUCTO, IDCATEGORI, IDDESCUENTO, NOMBREPRODUCTO, DESCRIPCION, PRECIO, STOCK) values (11, 17, 1, 'UVM IKH0X5JU4 LUCELGY BMYJCI788S', 'F0VR1PS9OQUBUXJ EOQJYDJDOM3PBPYTPPPDI1DUJV27G4 4SBPHREXYGG59K9KKUGA 3FCNVGL0UK45YGUHATCYPNH ENOW5NORMQDSH4WNIW5IN37E2DSHCX31LYBWT00DBKUF7QJIFK THK2P JYP1C55917KXGO1QDRQQGBLWU8L1IUDDP8UH62JXGR0HA6IYBUYOR5EPP2FRS5WYVM4719 KM0DD 62DDDAIB2 YYC  KPCUXRSOSERIRO', 14, 18);

insert into PRODUCTO (IDPRODUCTO, IDCATEGORI, IDDESCUENTO, NOMBREPRODUCTO, DESCRIPCION, PRECIO, STOCK) values (2, 18, 17, 'I9OL2AQOQ0PY6N6M TF636GTLMR5WBAR', 'QGEGHTAD2N7BV85NX0BE9MJ 6AJBQKT3BEM04KMHKGNB6JO5W RAR638K9RY7VJABV0YU7N0449KI6NNO0XKHVT7CU5F5 FY D7K1UIW4SVS2Y P 13LLGP4V2P1WXTCLC6BOW2S IMTI2EFM VWS4JYLXO7H1SIF54S68YX47WO13CMEN25AETBYCNHD673T1JQJ5N90QFJF13S6QU6UAWGF4FOJGQC4581AADC4V6P AP1UTNYR5X9I 5NKKT', 7, 12);

insert into PROVEEDOR (IDPROVEEDOR, NOMBREPRODUCTO, APELLIDO, CI_RUC, NOMBREEMPRESA) values (11, 'VMXN9GAX43GB8O0GNKTR2G5QJ37OUM05', '2TGROOK7QCONP7TY694NTGFWQSLAAQLV', '043YL21KGRCW', 'LK NWO93JMY6A0Q5U2PNBWMTJ1Q34XPDTF9LDBTIV31JG6DW1WKJUSEYO93UDYBIQJ O1PA SQ0SFT2AW340UPR5Y2T7VB1ELB7 ');

insert into PROVEEDOR (IDPROVEEDOR, NOMBREPRODUCTO, APELLIDO, CI_RUC, NOMBREEMPRESA) values (4, 'SKKQJYDANJJ8N645OP0HHCI22X2N0035', '1VKUM6PIAF1J324C6BYF7 FWLUDSD580', '8DWYLJWR0ISS', 'V7RDXQNSQNTLTT22L1UFMVVHX98XUMDDG6CS6S59HGHD9SNF08L14NNQI2AD4 EJ23XOJ33OH2XIY8CNRPWJ2VYU94G74DHWOFDO');

insert into PROVEEDOR (IDPROVEEDOR, NOMBREPRODUCTO, APELLIDO, CI_RUC, NOMBREEMPRESA) values (12, '4VTLEWBNVCQP4FKDI8I4NF1FO1UUY431', 'K158J0W5D8AG6PI1OSXH9XU5XVXQEQLM', 'LD8SJW5HIWLG', '5FHB9BS5PV741XMS5K GIRV6SBDOTNGUD2Q8V4QPI2KWSGFUB9B05DME6V3VRBUDOSM75C7UHK7WLTY6L20QTEN6IL59DY3TP EU');

insert into PROVEEDOR (IDPROVEEDOR, NOMBREPRODUCTO, APELLIDO, CI_RUC, NOMBREEMPRESA) values (6, 'V1J3FXDAX4CUKRD9Y4I855R3V2UG5M9D', 'PE3G2IJ4A  4075SJAG1ODVGE5S11Q2V', 'T9PL9 WQF2XK', 'HYPMYRCSMLQE8KFMSAV66NGG96O07INK XI8DIK1TD5IKWGF I09OOARKM 16RFJF9V9B9VVOSLQ4RAPYNTMQUDB7WAAOP5O60XJ');

insert into PROVEEDOR (IDPROVEEDOR, NOMBREPRODUCTO, APELLIDO, CI_RUC, NOMBREEMPRESA) values (19, 'JLCHA9AEQHP046 SDE7ORF22UNA1AR8H', '447C1HI530IIT3K8AHSHEV0JCX8T2YDR', '20BIH3OQNQI0', 'MYOAEJ9MLCJTY7TR6US0PPTF0SNQB7Q551T5VBCYTDBWURKD0Y3K6SNEK178KY7H0KH JUVTS40T7YGJEY8GJVSFXYGFAF99F1B5');

insert into PROVEEDOR (IDPROVEEDOR, NOMBREPRODUCTO, APELLIDO, CI_RUC, NOMBREEMPRESA) values (15, 'E2U6TK6UR50W049OU6MIERT4GIEE871G', '6E8 F80SDL6Y HRO423LFJ8RQKMHGTP0', 'X1 FXQ7NOFN4', 'MVTKNFI98ESKN4GW7R61UMGFIRMDTJCUW71VQJ2PRTT18BL E7M 5MN2W4 2PO0XUOBNHECDBWLSSVQGU3UCW3Y URXWTL75M5B4');

insert into PROVEEDOR (IDPROVEEDOR, NOMBREPRODUCTO, APELLIDO, CI_RUC, NOMBREEMPRESA) values (2, 'C2KY13ID9UCGOMEF3IO6557V7E5MYA58', 'XFRRCNPCH28 2 29VRGC 0UC7F3SB6M4', 'ELTJ9FKU6LDL', 'ICEB2C812QF 2BGGBPMLBXXL Y4  HNRLBRCV M72BOV5P10RLB4 XCB8XFOFNSDOSA15LMYTKSCV91VPJ6I41JCR98C J4YUP9R');

insert into PROVEEDOR (IDPROVEEDOR, NOMBREPRODUCTO, APELLIDO, CI_RUC, NOMBREEMPRESA) values (14, 'X8WU3N9D APVO53CGKAA94UN81K2MRDI', ' FDA35MXCTTHRQAY1CU3GFMB1VQPYH4G', '80HJM05FX0JQ', '9RIDGHNOIESNNC1B5U 4PHYBFG6I6UA7IC3T 4KWJ9YIOQKHEEJWGP91 L2JVSFP5BNWWR1VB5IY1R2AJ3I5PS3NH7N8B9I1T50D');

insert into PROVEEDOR (IDPROVEEDOR, NOMBREPRODUCTO, APELLIDO, CI_RUC, NOMBREEMPRESA) values (10, 'A565AIR6H91NRTEI0H7V4RSNF9GCIY1P', 'PPGJ3M8EK8YKWHLDRK5DCIQE6BJHSOL2', 'HC1KBIA70LGO', '5S4I66BGN3SYYW5AFW9 NDU5 50TQDXAU4CL5I9QHVIMRTN0VQ NUBE7HXWHSG0 97NN 91TRTC2NY5ABIU2250KKJIAK1U2T0AX');

insert into PROVEEDOR (IDPROVEEDOR, NOMBREPRODUCTO, APELLIDO, CI_RUC, NOMBREEMPRESA) values (8, 'DJLG4IQRWM5MS7RREF33AOIQ6VNG4RR3', '3IEQYJFFGRLNHEL2V971BGQ688FQE7SU', 'V9IS7RT M7HE', ' OC0T5UY1BLBBXWG14BO5HK99PUE311K6YPV5NYN 3XPIAKQ1HT8BT96S1E7UD E7ELBDM1C5DY7PENP4IW9924LMRRVXJP2E9EG');

insert into PROVEEDOR (IDPROVEEDOR, NOMBREPRODUCTO, APELLIDO, CI_RUC, NOMBREEMPRESA) values (3, 'M29N81BY05SUTG2Q0OIHF SNOQTK2JNP', 'R8EDFXFGWVLFQ999UAO972LYF368J5YE', '3JNRI403I0K1', 'BWV0XDDXVKEVVIV2ED5V0I36FN40QWCQ TLDA9U95QHKMT079BN6Q2H5ICKFTOMVF9S0YBVUU7XVCSFIK2GDC4X1KSTA XDUYPF6');

insert into PROVEEDOR (IDPROVEEDOR, NOMBREPRODUCTO, APELLIDO, CI_RUC, NOMBREEMPRESA) values (0, '8J8WC 2EAQJN17KUSH VGCXVPPH5385B', ' 7O7F9XPJ1PVXC 0SI6F MPUQEH440O8', 'FHX6AHIA0FHP', '7SWMC 7OMV554CQ7YIBF4P1E54IX02X 2 9TAI6NRH5I C35E1F7TAR9XO O5T2A598WER48N29AATHF4KYIIA 9J4LW500RRXXP');

insert into PROVEEDOR (IDPROVEEDOR, NOMBREPRODUCTO, APELLIDO, CI_RUC, NOMBREEMPRESA) values (17, '1NGMFSYFTA OTN BF3UAC LOOR816A6K', 'RU8B N05KTL9KGM5HU99UXURNP0T6WYH', 'IJTDSO0TY1XK', 'LAOLW58GD1D4AXKQ603HXW1RV6FTUFH8Y4YTR8QAQUI2N3PM AVTOMXNFDAP06SVOVGM4WCBYK4TM U36HHXYTT7 90DJMR86N1L');

insert into PROVEEDOR (IDPROVEEDOR, NOMBREPRODUCTO, APELLIDO, CI_RUC, NOMBREEMPRESA) values (18, 'J9RIMDB7FRJUNIE38UG4AMT3PTE8DP0R', 'OK31DN7MVRU49YD8C8AQ0C7CGM9YWE87', 'Q7GDUSS0MFGE', 'IQJCV2USCJAH9FKBP44FXXGMB867X2146CPIFSQ5ITAATL35F65JS3T0XLQ OD59XF45OM6TKT DMWHIBM628XQVN70288H DL Y');

insert into PROVEEDOR (IDPROVEEDOR, NOMBREPRODUCTO, APELLIDO, CI_RUC, NOMBREEMPRESA) values (5, 'T6WM3AYOI3KC71AY52 0MI3 JVB3X D4', ' T31XDBO1GW8UPTPINM40QE3 OOJPOC5', 'BIT968NT GBO', 'Y30KLMETMTK686CT379BBOH5LWJXLNEVN5IW8CI0UDKQOKPWF5U9HLMBY6ALH9D3ADB3X25NL32JUJ7MAKBEDMOUMB19J9T6OSI8');

insert into PROVEEDOR (IDPROVEEDOR, NOMBREPRODUCTO, APELLIDO, CI_RUC, NOMBREEMPRESA) values (13, 'PAJ7BI1K5ACNA0KGT6JVTFAYMW6786CI', 'L3056IQMAI5R741PP3IYFJE8TLKS4EHW', '0YK6BABJDO55', 'O04N826QIXQO2T 6TGWC17IWVFKVN I55B2AAV985J2 6QIUDREOU6WEAMC9858IQ9L1HO8SW7VQ9PXF6B8 U4PAAORPOVXPE15Q');

insert into PROVEEDOR (IDPROVEEDOR, NOMBREPRODUCTO, APELLIDO, CI_RUC, NOMBREEMPRESA) values (9, 'OG8UUN4D4D0JXRJWIK5WJPPD 03JWVGP', '4WKLU64MGMX1I4G7BM230QMR4 68SQAQ', 'CLWIDKR366VP', 'O3BTKUQG2ORQ1UBRYJW XKDUBDAYS 5FWD6NLD5WK3VDH7IN9BUN16MJMDE88EVHB8VB2QJ4TXJOM7JP1 C60HV1B4RAPMKJ9WVM');

insert into PROVEEDOR (IDPROVEEDOR, NOMBREPRODUCTO, APELLIDO, CI_RUC, NOMBREEMPRESA) values (1, 'SLFCEQ8DRFN073XD6OQLJ71FD746K5L6', 'SUCVS5LL1FDRY7VWFACLPQWIRKONKHTU', ' RFMH73ULX68', 'QX5G3PIT9P26PJJDXHDS6DAOT2AI77271X9IRHVQULONSL0NJ6AK8HAQU33MTGQH0TX7ET34HTTY16QD8OOEKAGIQ6VCVHLKEN8O');

insert into PROVEEDOR (IDPROVEEDOR, NOMBREPRODUCTO, APELLIDO, CI_RUC, NOMBREEMPRESA) values (16, 'UQJUTFQO6I8EFFUTE04OUAC25N6N5O36', 'HGTOYMO6ANMV0CLBQ6BWKKG18245HUJ3', '2IBF5HMAN8R8', 'PU5HYCW8BX5J32JMI5WY2SGFBOPHKJ2GK7C3N45UO011TFQSH 7P3GLYB LXLL97 2E1O7SIA2LHQY2U3888PNY72T6E41L064G4');

insert into PROVEEDOR (IDPROVEEDOR, NOMBREPRODUCTO, APELLIDO, CI_RUC, NOMBREEMPRESA) values (7, '8STR6UG21RNB2NUVF019IW62DG3PONQT', 'PCF2JEBW 2OK737QNGTNVSXPP9G4MOA5', '0ABSV99RG8SK', 'QMW7ICGAWS8W4UEQI00U25Q9J1O5FL2Y8HH6ULMN 7UFGCE8O3APTJ1JTU37AA6 8VGXX2IIBED66QEI3J3 4 64NPA1EI5DE MA');

insert into INVENTARIO (IDINVENTARIO, IDPRODUCTO, STOCKMINIMO, ESTADOPRODUCTO) values (0, 7, 15, 0);

insert into INVENTARIO (IDINVENTARIO, IDPRODUCTO, STOCKMINIMO, ESTADOPRODUCTO) values (11, 9, 8, 2);

insert into INVENTARIO (IDINVENTARIO, IDPRODUCTO, STOCKMINIMO, ESTADOPRODUCTO) values (2, 14, 10, 3);

insert into INVENTARIO (IDINVENTARIO, IDPRODUCTO, STOCKMINIMO, ESTADOPRODUCTO) values (7, 1, 7, 4);

insert into INVENTARIO (IDINVENTARIO, IDPRODUCTO, STOCKMINIMO, ESTADOPRODUCTO) values (10, 18, 12, 15);

insert into INVENTARIO (IDINVENTARIO, IDPRODUCTO, STOCKMINIMO, ESTADOPRODUCTO) values (3, 17, 11, 18);

insert into INVENTARIO (IDINVENTARIO, IDPRODUCTO, STOCKMINIMO, ESTADOPRODUCTO) values (17, 19, 5, 13);

insert into INVENTARIO (IDINVENTARIO, IDPRODUCTO, STOCKMINIMO, ESTADOPRODUCTO) values (5, 14, 3, 9);

insert into INVENTARIO (IDINVENTARIO, IDPRODUCTO, STOCKMINIMO, ESTADOPRODUCTO) values (9, 9, 6, 8);

insert into INVENTARIO (IDINVENTARIO, IDPRODUCTO, STOCKMINIMO, ESTADOPRODUCTO) values (13, 5, 9, 6);

insert into INVENTARIO (IDINVENTARIO, IDPRODUCTO, STOCKMINIMO, ESTADOPRODUCTO) values (1, 15, 4, 17);

insert into INVENTARIO (IDINVENTARIO, IDPRODUCTO, STOCKMINIMO, ESTADOPRODUCTO) values (19, 14, 13, 16);

insert into INVENTARIO (IDINVENTARIO, IDPRODUCTO, STOCKMINIMO, ESTADOPRODUCTO) values (4, 17, 18, 14);

insert into INVENTARIO (IDINVENTARIO, IDPRODUCTO, STOCKMINIMO, ESTADOPRODUCTO) values (16, 11, 19, 11);

insert into INVENTARIO (IDINVENTARIO, IDPRODUCTO, STOCKMINIMO, ESTADOPRODUCTO) values (18, 3, 2, 5);

insert into INVENTARIO (IDINVENTARIO, IDPRODUCTO, STOCKMINIMO, ESTADOPRODUCTO) values (15, 19, 14, 7);

insert into INVENTARIO (IDINVENTARIO, IDPRODUCTO, STOCKMINIMO, ESTADOPRODUCTO) values (12, 19, 1, 10);

insert into INVENTARIO (IDINVENTARIO, IDPRODUCTO, STOCKMINIMO, ESTADOPRODUCTO) values (14, 3, 17, 19);

insert into INVENTARIO (IDINVENTARIO, IDPRODUCTO, STOCKMINIMO, ESTADOPRODUCTO) values (6, 6, 16, 12);

insert into INVENTARIO (IDINVENTARIO, IDPRODUCTO, STOCKMINIMO, ESTADOPRODUCTO) values (8, 15, 0, 1);

insert into FICHAENTREGA (IDPROVEEDOR, IDPRODUCTO, FECHAENTREGA) values (11, 7, '556-4-5');

insert into FICHAENTREGA (IDPROVEEDOR, IDPRODUCTO, FECHAENTREGA) values (4, 17, '633-9-2');

insert into FICHAENTREGA (IDPROVEEDOR, IDPRODUCTO, FECHAENTREGA) values (12, 15, '1162-1-11');

insert into FICHAENTREGA (IDPROVEEDOR, IDPRODUCTO, FECHAENTREGA) values (6, 5, '145-3-9');

insert into FICHAENTREGA (IDPROVEEDOR, IDPRODUCTO, FECHAENTREGA) values (19, 14, '1331-7-18');

insert into FICHAENTREGA (IDPROVEEDOR, IDPRODUCTO, FECHAENTREGA) values (15, 9, '462-5-6');

insert into FICHAENTREGA (IDPROVEEDOR, IDPRODUCTO, FECHAENTREGA) values (2, 8, '877-9-27');

insert into FICHAENTREGA (IDPROVEEDOR, IDPRODUCTO, FECHAENTREGA) values (14, 6, '1536-12-17');

insert into FICHAENTREGA (IDPROVEEDOR, IDPRODUCTO, FECHAENTREGA) values (10, 3, '805-8-25');

insert into FICHAENTREGA (IDPROVEEDOR, IDPRODUCTO, FECHAENTREGA) values (8, 0, '197-9-21');

insert into FICHAENTREGA (IDPROVEEDOR, IDPRODUCTO, FECHAENTREGA) values (3, 12, '1-1-1');

insert into FICHAENTREGA (IDPROVEEDOR, IDPRODUCTO, FECHAENTREGA) values (0, 13, '1279-8-29');

insert into FICHAENTREGA (IDPROVEEDOR, IDPRODUCTO, FECHAENTREGA) values (17, 16, '1715-5-31');

insert into FICHAENTREGA (IDPROVEEDOR, IDPRODUCTO, FECHAENTREGA) values (18, 18, '749-5-24');

insert into FICHAENTREGA (IDPROVEEDOR, IDPRODUCTO, FECHAENTREGA) values (5, 1, '1015-11-4');

insert into FICHAENTREGA (IDPROVEEDOR, IDPRODUCTO, FECHAENTREGA) values (13, 10, '1384-9-7');

insert into FICHAENTREGA (IDPROVEEDOR, IDPRODUCTO, FECHAENTREGA) values (9, 4, '961-12-11');

insert into FICHAENTREGA (IDPROVEEDOR, IDPRODUCTO, FECHAENTREGA) values (1, 19, '1666-2-28');

insert into FICHAENTREGA (IDPROVEEDOR, IDPRODUCTO, FECHAENTREGA) values (16, 11, '1487-5-29');

insert into FICHAENTREGA (IDPROVEEDOR, IDPRODUCTO, FECHAENTREGA) values (7, 2, '333-10-5');

insert into HISTORIAL (IDPRODUCTO, IDSERVICIOS, IDUSUARIO, IDFACTURA, FECHAHORA) values (7, 12, 19, 11, '1573-10-10 19:59:1');

insert into HISTORIAL (IDPRODUCTO, IDSERVICIOS, IDUSUARIO, IDFACTURA, FECHAHORA) values (17, 6, 2, 10, '332-2-11 3:10:42');

insert into HISTORIAL (IDPRODUCTO, IDSERVICIOS, IDUSUARIO, IDFACTURA, FECHAHORA) values (15, 9, 12, 3, '1716-9-27 21:4:56');

insert into HISTORIAL (IDPRODUCTO, IDSERVICIOS, IDUSUARIO, IDFACTURA, FECHAHORA) values (5, 10, 14, 8, '859-8-28 9:34:17');

insert into HISTORIAL (IDPRODUCTO, IDSERVICIOS, IDUSUARIO, IDFACTURA, FECHAHORA) values (14, 1, 4, 0, '1101-7-19 12:1:23');

insert into HISTORIAL (IDPRODUCTO, IDSERVICIOS, IDUSUARIO, IDFACTURA, FECHAHORA) values (9, 19, 0, 7, '399-3-3 4:1:49');

insert into HISTORIAL (IDPRODUCTO, IDSERVICIOS, IDUSUARIO, IDFACTURA, FECHAHORA) values (8, 4, 1, 15, '621-8-24 6:45:52');

insert into HISTORIAL (IDPRODUCTO, IDSERVICIOS, IDUSUARIO, IDFACTURA, FECHAHORA) values (6, 13, 6, 13, '729-7-31 8:8:38');

insert into HISTORIAL (IDPRODUCTO, IDSERVICIOS, IDUSUARIO, IDFACTURA, FECHAHORA) values (3, 3, 15, 2, '123-3-16 1:18:51');

insert into HISTORIAL (IDPRODUCTO, IDSERVICIOS, IDUSUARIO, IDFACTURA, FECHAHORA) values (0, 15, 17, 6, '1847-5-10 21:50:21');

insert into HISTORIAL (IDPRODUCTO, IDSERVICIOS, IDUSUARIO, IDFACTURA, FECHAHORA) values (12, 7, 13, 12, '1271-11-2 14:38:16');

insert into HISTORIAL (IDPRODUCTO, IDSERVICIOS, IDUSUARIO, IDFACTURA, FECHAHORA) values (13, 18, 8, 1, '1505-12-16 19:11:20');

insert into HISTORIAL (IDPRODUCTO, IDSERVICIOS, IDUSUARIO, IDFACTURA, FECHAHORA) values (16, 2, 5, 5, '64-2-15 0:32:51');

insert into HISTORIAL (IDPRODUCTO, IDSERVICIOS, IDUSUARIO, IDFACTURA, FECHAHORA) values (18, 8, 9, 18, '1379-10-13 17:40:31');

insert into HISTORIAL (IDPRODUCTO, IDSERVICIOS, IDUSUARIO, IDFACTURA, FECHAHORA) values (1, 16, 18, 17, '1195-5-13 13:2:48');

insert into HISTORIAL (IDPRODUCTO, IDSERVICIOS, IDUSUARIO, IDFACTURA, FECHAHORA) values (10, 0, 10, 4, '1-1-1 0:0:0');

insert into HISTORIAL (IDPRODUCTO, IDSERVICIOS, IDUSUARIO, IDFACTURA, FECHAHORA) values (4, 5, 3, 9, '954-5-11 11:5:38');

insert into HISTORIAL (IDPRODUCTO, IDSERVICIOS, IDUSUARIO, IDFACTURA, FECHAHORA) values (19, 14, 16, 19, '258-9-8 2:4:25');

insert into HISTORIAL (IDPRODUCTO, IDSERVICIOS, IDUSUARIO, IDFACTURA, FECHAHORA) values (11, 11, 7, 14, '1325-8-2 16:8:47');

insert into HISTORIAL (IDPRODUCTO, IDSERVICIOS, IDUSUARIO, IDFACTURA, FECHAHORA) values (2, 17, 11, 16, '505-12-16 5:10:49');

